{
    "problem_name": "Golden_1",
    "dimension": 241,
    "capacity": 550,
    "best_cost": 5659.757521395643,
    "vehicles_used": 9,
    "total_load": 4800,
    "execution_time_seconds": 87.0513322353363,
    "depot_index": 0,
    "routes": [
        [
            2,
            1,
            40,
            39,
            38,
            37,
            36,
            35,
            34,
            33,
            32,
            31,
            30,
            29,
            28,
            27,
            26,
            25,
            24,
            23,
            22,
            21,
            20,
            19,
            18,
            17,
            16,
            13,
            12
        ],
        [
            10,
            9,
            8,
            7,
            6,
            5,
            43,
            42,
            41,
            80,
            79,
            78,
            77,
            76,
            75,
            74,
            73,
            72,
            71,
            70,
            69,
            68
        ],
        [
            15,
            56,
            57,
            58,
            59,
            60,
            61,
            62,
            63,
            64,
            65,
            66,
            106,
            105,
            104,
            103,
            102,
            101,
            100,
            99,
            98,
            97,
            96,
            95,
            55,
            14
        ],
        [
            46,
            47,
            48,
            49,
            50,
            51,
            52,
            53,
            94,
            134,
            135,
            136,
            137,
            138,
            139,
            140,
            141,
            142,
            143,
            144,
            145,
            146,
            147,
            107,
            67
        ],
        [
            3,
            44,
            83,
            82,
            81,
            120,
            119,
            118,
            117,
            116,
            115,
            114,
            113,
            112,
            111,
            110,
            109,
            108,
            148,
            149,
            150,
            151,
            152,
            153,
            154,
            155
        ],
        [
            4,
            45,
            85,
            86,
            87,
            88,
            89,
            90,
            91,
            131,
            130,
            129,
            128,
            127,
            126,
            125,
            124,
            123,
            122,
            160,
            159,
            158,
            198,
            199,
            200,
            161,
            121
        ],
        [
            54,
            93,
            133,
            174,
            175,
            176,
            177,
            178,
            179,
            180,
            181,
            182,
            183,
            184,
            185,
            186,
            187,
            188,
            189,
            190,
            191,
            192,
            193,
            194,
            235,
            236,
            237,
            197,
            157
        ],
        [
            84,
            162,
            163,
            164,
            165,
            166,
            167,
            168,
            169,
            170,
            171,
            172,
            212,
            211,
            210,
            209,
            208,
            207,
            206,
            205,
            204,
            203,
            202,
            201,
            240,
            239,
            238
        ],
        [
            11,
            92,
            132,
            173,
            213,
            214,
            215,
            216,
            217,
            218,
            219,
            220,
            221,
            222,
            223,
            224,
            225,
            226,
            227,
            228,
            229,
            230,
            231,
            232,
            233,
            234,
            195,
            196,
            156
        ]
    ]
}