{
    "problem_name": "Golden_19",
    "dimension": 361,
    "capacity": 200,
    "best_cost": 1540.4363708847457,
    "vehicles_used": 33,
    "total_load": 6480,
    "execution_time_seconds": 481.5522379875183,
    "depot_index": 0,
    "routes": [
        [
            21,
            2,
            14,
            23,
            74,
            62,
            81,
            26,
            86,
            141,
            146,
            27
        ],
        [
            22,
            3,
            29,
            34,
            89,
            63,
            82,
            31,
            32,
            91,
            142,
            151,
            202
        ],
        [
            45,
            5,
            38,
            47,
            98,
            65,
            105,
            50,
            110,
            165,
            170,
            225,
            51
        ],
        [
            46,
            6,
            58,
            113,
            66,
            106,
            55,
            115,
            166,
            175,
            226,
            56
        ],
        [
            13,
            1,
            54,
            15,
            114,
            61,
            73,
            18,
            19,
            78,
            133,
            138,
            193
        ],
        [
            30,
            4,
            37,
            42,
            97,
            64,
            90,
            39,
            40,
            99,
            150,
            159,
            210
        ],
        [
            24,
            83,
            134,
            122,
            194,
            143,
            84,
            25,
            20,
            79,
            80,
            139,
            198
        ],
        [
            35,
            94,
            149,
            123,
            209,
            154,
            95,
            36
        ],
        [
            48,
            107,
            158,
            125,
            218,
            167,
            108,
            49,
            44,
            103,
            162,
            217,
            157,
            102
        ],
        [
            59,
            118,
            173,
            126,
            233,
            178,
            119,
            60,
            17,
            76,
            135,
            234,
            174,
            75
        ],
        [
            16,
            12,
            77,
            136,
            195,
            294,
            241,
            253,
            181
        ],
        [
            43,
            10,
            104,
            163,
            222,
            277,
            244,
            270,
            184
        ],
        [
            28,
            87,
            88,
            8,
            93,
            153,
            152,
            211,
            262,
            243,
            269,
            214
        ],
        [
            33,
            92,
            68,
            148,
            207,
            266,
            321,
            302,
            314,
            263,
            204
        ],
        [
            52,
            111,
            112,
            11,
            117,
            176,
            235,
            286,
            246,
            293,
            238,
            53
        ],
        [
            57,
            116,
            71,
            172,
            231,
            290,
            345,
            305,
            338,
            287,
            228
        ],
        [
            121,
            7,
            85,
            144,
            203,
            254,
            242,
            261,
            206,
            201
        ],
        [
            41,
            9,
            96,
            155,
            69,
            161,
            220,
            219,
            124
        ],
        [
            109,
            168,
            227,
            278,
            245,
            285,
            230,
            171,
            185
        ],
        [
            120,
            179,
            180,
            72,
            137,
            196,
            255,
            354,
            301,
            318,
            313,
            258
        ],
        [
            182,
            147,
            128,
            208,
            267,
            326,
            327,
            268,
            273,
            332
        ],
        [
            183,
            271,
            322,
            303,
            329,
            274,
            215,
            216,
            129,
            101
        ],
        [
            186,
            295,
            346,
            306,
            353,
            298,
            239,
            240,
            197,
            132
        ],
        [
            67,
            140,
            127,
            205,
            264,
            323,
            324,
            265,
            260,
            200,
            199
        ],
        [
            70,
            130,
            229,
            288,
            347,
            348,
            289,
            190,
            169
        ],
        [
            177,
            131,
            232,
            291,
            350,
            351,
            292,
            191,
            297,
            237,
            236
        ],
        [
            145,
            187,
            247,
            325,
            307,
            320,
            319,
            259,
            315
        ],
        [
            212,
            213,
            188,
            248,
            328,
            308,
            333,
            331,
            272
        ],
        [
            223,
            282,
            337,
            304,
            330,
            279,
            280,
            189,
            276,
            335,
            334
        ],
        [
            296,
            251,
            352,
            311,
            357,
            356,
            355,
            358,
            360,
            300,
            299
        ],
        [
            192,
            359,
            252,
            312,
            317,
            316,
            257,
            256
        ],
        [
            283,
            284,
            250,
            349,
            310,
            344,
            343,
            340,
            275,
            156
        ],
        [
            100,
            160,
            221,
            281,
            249,
            336,
            309,
            341,
            339,
            342,
            224,
            164
        ]
    ]
}