{
    "problem_name": "Golden_9",
    "dimension": 256,
    "capacity": 1000,
    "best_cost": 692.0114955050888,
    "vehicles_used": 14,
    "total_load": 13429,
    "execution_time_seconds": 192.67331838607788,
    "depot_index": 0,
    "routes": [
        [
            16,
            21,
            15,
            10,
            6,
            3,
            1
        ],
        [
            2,
            4,
            7
        ],
        [
            5,
            8,
            12,
            17,
            23,
            11
        ],
        [
            9,
            13,
            18,
            24,
            31,
            39,
            48,
            38,
            30
        ],
        [
            14,
            19,
            25,
            32,
            40,
            49,
            59,
            70,
            58,
            47,
            57,
            46,
            36
        ],
        [
            20,
            26,
            33,
            41,
            50,
            60,
            71,
            83,
            96,
            82,
            69,
            81,
            94,
            80,
            67,
            55
        ],
        [
            27,
            34,
            42,
            51,
            61,
            72,
            84,
            97,
            111,
            126,
            110,
            95,
            109,
            124,
            108,
            107,
            122,
            92,
            93
        ],
        [
            35,
            43,
            52,
            62,
            73,
            85,
            98,
            112,
            127,
            142,
            156,
            141,
            125,
            140,
            154,
            139,
            138,
            123,
            68,
            28
        ],
        [
            44,
            53,
            63,
            74,
            86,
            99,
            113,
            128,
            143,
            157,
            170,
            182,
            169,
            155,
            168,
            180,
            167,
            153,
            166,
            152,
            165,
            151,
            136,
            105
        ],
        [
            45,
            66,
            78,
            91,
            178,
            190,
            179,
            191,
            201,
            211,
            202,
            192,
            181,
            193,
            203,
            212,
            220,
            228,
            221,
            213,
            204,
            194,
            183,
            171,
            158,
            144,
            160,
            129
        ],
        [
            64,
            75,
            87,
            100,
            114,
            130,
            115,
            101,
            88,
            76,
            89,
            102,
            116,
            131,
            146,
            161,
            147,
            132,
            117,
            103,
            90,
            77,
            65,
            54
        ],
        [
            145,
            159,
            172,
            184,
            195,
            205,
            214,
            222,
            229,
            235,
            241,
            236,
            230,
            223,
            215,
            206,
            196,
            185,
            173,
            186,
            174,
            187,
            175,
            162,
            148,
            133,
            118
        ],
        [
            104,
            119,
            134,
            149,
            163,
            176,
            188,
            199,
            209,
            198,
            208,
            197,
            207,
            216,
            224,
            231,
            237,
            242,
            246,
            250,
            247,
            243,
            238,
            232,
            225,
            217,
            226,
            218,
            227,
            219,
            210
        ],
        [
            135,
            150,
            164,
            177,
            189,
            200,
            234,
            240,
            233,
            239,
            244,
            248,
            251,
            253,
            255,
            254,
            252,
            249,
            245,
            137,
            120,
            121,
            106,
            79,
            56,
            37,
            29,
            22
        ]
    ]
}