{
    "problem_name": "Golden_16",
    "dimension": 481,
    "capacity": 1000,
    "best_cost": 1895.8898718758114,
    "vehicles_used": 37,
    "total_load": 35772,
    "execution_time_seconds": 759.6361584663391,
    "depot_index": 0,
    "routes": [
        [
            1,
            2,
            3
        ],
        [
            4,
            5,
            6
        ],
        [
            7,
            8,
            9
        ],
        [
            10,
            11,
            12
        ],
        [
            13,
            14,
            15,
            16,
            68,
            17
        ],
        [
            18,
            19,
            20,
            77,
            21,
            22
        ],
        [
            23,
            24,
            25,
            26,
            27
        ],
        [
            28,
            29,
            30,
            31,
            32
        ],
        [
            34,
            35,
            36,
            37,
            38,
            39,
            69,
            70
        ],
        [
            40,
            41,
            42,
            43,
            44,
            45,
            46,
            79
        ],
        [
            78,
            47,
            48,
            49,
            50,
            51,
            52,
            53
        ],
        [
            54,
            88,
            55,
            56,
            57,
            58,
            59
        ],
        [
            62,
            63,
            64,
            65,
            66,
            67,
            105,
            104,
            103,
            102,
            146
        ],
        [
            71,
            72,
            73,
            74,
            75,
            76,
            116,
            115,
            114,
            113,
            159
        ],
        [
            80,
            81,
            82,
            83,
            84,
            85,
            127,
            126,
            125,
            124,
            172
        ],
        [
            89,
            90,
            91,
            92,
            93,
            94,
            138,
            137,
            136,
            135,
            185
        ],
        [
            98,
            99,
            100,
            101,
            145,
            144,
            143,
            142,
            141,
            140,
            96,
            60
        ],
        [
            107,
            106,
            152,
            151,
            150,
            149,
            148,
            147,
            199,
            198,
            197,
            196,
            195,
            194,
            193
        ],
        [
            108,
            109,
            110,
            111,
            112,
            158,
            157,
            156,
            155,
            154,
            153,
            207,
            206,
            205
        ],
        [
            118,
            117,
            165,
            164,
            163,
            162,
            161,
            160,
            214,
            213,
            212,
            211,
            210,
            209,
            208
        ],
        [
            119,
            120,
            121,
            122,
            123,
            171,
            170,
            169,
            168,
            167,
            166,
            222,
            221,
            220
        ],
        [
            129,
            128,
            178,
            177,
            176,
            175,
            174,
            173,
            229,
            228,
            227,
            226,
            225,
            224,
            223
        ],
        [
            130,
            131,
            132,
            133,
            134,
            184,
            183,
            182,
            181,
            180,
            179,
            237,
            236,
            235
        ],
        [
            190,
            189,
            188,
            187,
            186,
            244,
            243,
            242,
            241,
            240,
            239,
            238,
            304,
            303,
            87
        ],
        [
            249,
            248,
            247,
            246,
            245,
            311,
            310,
            309,
            308,
            307,
            306,
            305,
            379,
            378,
            377,
            302,
            86
        ],
        [
            204,
            203,
            202,
            201,
            200,
            260,
            259,
            258,
            257,
            256,
            255,
            254,
            253,
            320,
            319,
            318,
            317,
            316
        ],
        [
            219,
            218,
            217,
            216,
            215,
            277,
            276,
            275,
            274,
            273,
            272,
            271,
            270,
            269,
            268,
            267,
            266,
            265
        ],
        [
            234,
            233,
            232,
            231,
            230,
            294,
            293,
            292,
            291,
            290,
            289,
            288,
            287,
            286,
            285,
            284,
            283,
            282
        ],
        [
            301,
            300,
            299,
            298,
            297,
            296,
            295,
            367,
            366,
            365,
            364,
            363,
            362,
            361,
            360,
            359,
            358,
            357,
            356,
            355
        ],
        [
            321,
            322,
            323,
            324,
            325,
            326,
            327,
            328,
            329,
            261,
            262,
            263,
            264,
            334,
            333,
            332,
            331,
            330,
            406,
            405,
            404
        ],
        [
            339,
            338,
            337,
            336,
            335,
            413,
            412,
            411,
            410,
            409,
            408,
            407,
            403,
            402,
            401,
            400,
            399,
            398,
            397,
            480,
            396,
            252
        ],
        [
            340,
            341,
            342,
            343,
            344,
            345,
            346,
            347,
            348,
            278,
            279,
            280,
            281,
            353,
            352,
            351,
            350,
            349,
            427,
            426,
            425
        ],
        [
            376,
            375,
            374,
            373,
            372,
            371,
            370,
            369,
            368,
            448,
            447,
            446,
            445,
            444,
            443,
            442,
            441,
            440,
            439,
            438,
            437,
            436
        ],
        [
            380,
            381,
            382,
            383,
            384,
            385,
            386,
            312,
            313,
            314,
            315,
            391,
            390,
            389,
            388,
            387,
            469,
            468,
            467,
            466,
            465
        ],
        [
