{
    "problem_name": "Golden_6",
    "dimension": 281,
    "capacity": 900,
    "best_cost": 9406.12315619503,
    "vehicles_used": 7,
    "total_load": 5600,
    "execution_time_seconds": 101.95902800559998,
    "depot_index": 0,
    "routes": [
        [
            2,
            1,
            28,
            27,
            26,
            25,
            24,
            23,
            22,
            21,
            20,
            19,
            18,
            17,
            16,
            15,
            14,
            13,
            12,
            11,
            10,
            9,
            8,
            7,
            6,
            5,
            4,
            3,
            31,
            30,
            29,
            56,
            55,
            54,
            53,
            52,
            51,
            50,
            49,
            48,
            47,
            46,
            45,
            44,
            72,
            73
        ],
        [
            34,
            35,
            36,
            37,
            38,
            39,
            67,
            66,
            65,
            64,
            63,
            62,
            61,
            60,
            59,
            58,
            57,
            84,
            83,
            82,
            81,
            80,
            79,
            78,
            77,
            76,
            75,
            74,
            102,
            101,
            100,
            99,
            98,
            97,
            96,
            68,
            40
        ],
        [
            32,
            33,
            89,
            88,
            87,
            86,
            85,
            112,
            111,
            110,
            109,
            108,
            107,
            106,
            105,
            104,
            103,
            131,
            159,
            187,
            215,
            243,
            271,
            270,
            242,
            214,
            186,
            158,
            130,
            129,
            157,
            185,
            213,
            241,
            269,
            268,
            240,
            212,
            184,
            156,
            128,
            127,
            153,
            125,
            69,
            41
        ],
        [
            91,
            90,
            118,
            146,
            174,
            202,
            230,
            258,
            257,
            229,
            201,
            173,
            145,
            117,
            116,
            144,
            172,
            200,
            228,
            256,
            255,
            227,
            199,
            171,
            143,
            115,
            114,
            142,
            170,
            198,
            226,
            254,
            253,
            225,
            197,
            169,
            141,
            113,
            168,
            196,
            224,
            252,
            280,
            279,
            251,
            140
        ],
        [
            93,
            92,
            120,
            148,
            176,
            204,
            232,
            260,
            259,
            231,
            203,
            175,
            147,
            119,
            121,
            149,
            177,
            205,
            233,
            261,
            262,
            234,
            206,
            178,
            150,
            122,
            94,
            95,
            123,
            151,
            179,
            207,
            235,
            263,
            264,
            236,
            208,
            209,
            237,
            265,
            266,
            238,
            181,
            180,
            152,
            124
        ],
        [
            139,
            167,
            195,
            223,
            194,
            222,
            250,
            278,
            277,
            249,
            221,
            193,
            165,
            166,
            138,
            137,
            136,
            164,
            192,
            220,
            248,
            276,
            275,
            247,
            219,
            191,
            163,
            135,
            134,
            162,
            190,
            218,
            246,
            274,
            273,
            245,
            217,
            189,
            161,
            188,
            216,
            244,
            272,
            160,
            132,
            133
        ],
        [
            42,
            70,
            126,
            154,
            182,
            210,
            267,
            239,
            211,
            183,
            155,
            71,
            43
        ]
    ]
}