{
    "problem_name": "Golden_3",
    "dimension": 401,
    "capacity": 900,
    "best_cost": 12687.345393626125,
    "vehicles_used": 9,
    "total_load": 8000,
    "execution_time_seconds": 182.9211459159851,
    "depot_index": 0,
    "routes": [
        [
            2,
            1,
            40,
            39,
            38,
            37,
            36,
            35,
            34,
            33,
            32,
            31,
            30,
            29,
            28,
            27,
            26,
            25,
            24,
            23,
            22,
            21,
            20,
            19,
            18,
            17,
            16,
            15,
            14,
            13,
            12,
            11,
            10,
            9,
            8,
            7,
            6,
            5,
            4,
            3,
            43,
            42,
            41,
            80,
            77,
            76
        ],
        [
            45,
            46,
            47,
            48,
            49,
            50,
            51,
            52,
            53,
            54,
            55,
            56,
            57,
            58,
            59,
            60,
            61,
            62,
            63,
            64,
            65,
            66,
            67,
            68,
            69,
            70,
            71,
            72,
            73,
            74,
            75,
            78,
            79,
            119,
            120,
            81,
            82,
            83,
            84,
            85,
            86,
            87,
            88,
            89
        ],
        [
            44,
            124,
            125,
            126,
            127,
            128,
            129,
            130,
            131,
            132,
            133,
            134,
            135,
            136,
            137,
            138,
            139,
            140,
            141,
            142,
            143,
            144,
            145,
            146,
            147,
            148,
            149,
            150,
            151,
            152,
            153,
            154,
            155,
            156,
            157,
            158,
            159,
            160,
            121,
            122,
            123,
            163,
            164,
            205,
            165,
            166
        ],
        [
            96,
            95,
            94,
            93,
            92,
            91,
            90,
            170,
            169,
            168,
            167,
            207,
            208,
            209,
            210,
            211,
            212,
            213,
            214,
            215,
            216,
            217,
            218,
            219,
            220,
            221,
            222,
            223,
            224,
            225,
            226,
            227,
            228,
            229,
            230,
            231,
            232,
            233,
            234,
            235,
            236,
            237,
            238,
            239
        ],
        [
            106,
            105,
            104,
            103,
            102,
            101,
            100,
            99,
            98,
            97,
            177,
            178,
            179,
            180,
            181,
            182,
            183,
            184,
            185,
            186,
            187,
            188,
            189,
            190,
            191,
            192,
            193,
            194,
            195,
            196,
            197,
            198,
            199,
            200,
            161,
            162,
            202,
            201,
            240,
            280,
            320,
            360,
            400,
            399,
            359,
            319
        ],
        [
            116,
            115,
            114,
            113,
            112,
            111,
            110,
            109,
            108,
            107,
            267,
            307,
            347,
            387,
            386,
            346,
            306,
            266,
            265,
            305,
            345,
            385,
            384,
            344,
            304,
            264,
            263,
            303,
            343,
            383,
            382,
            342,
            302,
            262,
            261,
            301,
            341,
            381,
            380,
            340,
            300,
            260,
            259
        ],
        [
            118,
            117,
            277,
            317,
            357,
            397,
            396,
            356,
            316,
            276,
            275,
            315,
            355,
            395,
            394,
            354,
            314,
            274,
            273,
            313,
            353,
            393,
            392,
            352,
            312,
            272,
            271,
            311,
            351,
            391,
            390,
            350,
            310,
            270,
            269,
            309,
            349,
            389,
            388,
            348,
            308,
            268,
            176,
            175,
            174,
            173,
            172,
            171
        ],
        [
            206,
            246,
            286,
            326,
            325,
            285,
            245,
            244,
            204,
            203,
            243,
            283,
            323,
            363,
            362,
            322,
            282,
            242,
            241,
            279,
            278,
            318,
            358,
            398,
            361,
            321,
            281,
            284,
            324,
            364,
            365,
            366,
            367,
            327,
            287,
            247,
            248,
            288,
            329,
            289,
            249,
            250
        ],
        [
            256,
            296,
            336,
            376,
            375,
            335,
            295,
            255,
            254,
            294,
            334,
            374,
            373,
            333,
            293,
            253,
            252,
            251,
            291,
            331,
            371,
            370,
            330,
            369,
            368,
            328,
            290,
            292,
            332,
            372,
            257,
            297,
            337,
            377,
            378,
            338,
            298,
            339,
            379,
            299,
            258
        ]
    ]
}