{
    "problem_name": "Golden_12",
    "dimension": 484,
    "capacity": 1000,
    "best_cost": 1334.4659660296966,
    "vehicles_used": 19,
    "total_load": 18701,
    "execution_time_seconds": 24022.399369955063,
    "depot_index": 0,
    "routes": [
        [
            1,
            3,
            6,
            10,
            15,
            21,
            28,
            36
        ],
        [
            2,
            4,
            7,
            11,
            22
        ],
        [
            5,
            8,
            12,
            17,
            23,
            30,
            16
        ],
        [
            9,
            13,
            18,
            24,
            31,
            39,
            48,
            38,
            29,
            37
        ],
        [
            14,
            19,
            25,
            32,
            40,
            49,
            59,
            70,
            58,
            47,
            57,
            56,
            46
        ],
        [
            20,
            26,
            33,
            41,
            50,
            60,
            71,
            83,
            96,
            82,
            69,
            81,
            94,
            80,
            67,
            55
        ],
        [
            27,
            34,
            42,
            51,
            61,
            72,
            84,
            97,
            111,
            126,
            110,
            95,
            109,
            124,
            108,
            93,
            107,
            106,
            92
        ],
        [
            35,
            43,
            52,
            62,
            73,
            85,
            98,
            112,
            127,
            143,
            160,
            142,
            125,
            141,
            158,
            140,
            123,
            139,
            122,
            138,
            121
        ],
        [
            44,
            53,
            63,
            74,
            86,
            99,
            113,
            128,
            144,
            161,
            179,
            198,
            178,
            159,
            177,
            196,
            176,
            157,
            175,
            156,
            174,
            155,
            154,
            137
        ],
        [
            45,
            66,
            78,
            91,
            105,
            136,
            153,
            171,
            190,
            210,
            231,
            232,
            211,
            191,
            172,
            192,
            173,
            193,
            213,
            234,
            212,
            233,
            254,
            274,
            294,
            275,
            255,
            276,
            256,
            235,
            214,
            194,
            215,
            216,
            237,
            258,
            278,
            195
        ],
        [
            54,
            64,
            75,
            87,
            100,
            114,
            129,
            145,
            162,
            180,
            199,
            219,
            240,
            218,
            197,
            217,
            238,
            259,
            279,
            298,
            316,
            297,
            277,
            296,
            314,
            295,
            257,
            236
        ],
        [
            65,
            76,
            88,
            101,
            115,
            130,
            146,
            163,
            181,
            200,
            220,
            241,
            262,
            282,
            261,
            239,
            260,
            280,
            299,
            317,
            334,
            350,
            333,
            315,
            332,
            331,
            313,
            348,
            364,
            349,
            365
        ],
        [
            77,
            89,
            102,
            116,
            131,
            147,
            164,
            182,
            201,
            221,
            242,
            263,
            283,
            302,
            320,
            301,
            281,
            300,
            318,
            335,
            351,
            366,
            380,
            379,
            393,
            406,
            394,
            381,
            367,
            352,
            336,
            319
        ],
        [
            90,
            103,
            117,
            132,
            148,
            165,
            183,
            202,
            222,
            243,
            264,
            284,
            303,
            321,
            338,
            354,
            337,
            353,
            368,
            382,
            395,
            407,
            418,
            429,
            419,
            408,
            396,
            383,
            369,
            384,
            370,
            355,
            339
        ],
        [
            104,
            118,
            133,
            149,
            166,
            184,
            203,
            223,
            244,
            265,
            285,
            304,
            322,
            340,
            323,
            305,
            286,
            266,
            245,
            224,
            204,
            185,
            167,
            150,
            134,
            119,
            135,
            151,
            168,
            186,
            291,
            205
        ],
        [
            225,
            246,
            267,
            287,
            306,
            324,
            341,
            357,
            372,
            356,
            371,
            385,
            398,
            410,
            397,
            409,
            420,
            430,
            439,
            448,
            440,
            431,
            421,
            432,
            422,
            411,
            399,
            386,
            400,
            387,
            373,
            358,
            342,
            325,
            307,
            288,
            268
        ],
        [
            152,
            169,
            187,
            206,
            226,
            247,
            269,
            248,
            227,
            207,
            188,
            170,
            189,
            208,
            228,
            249,
            270,
            290,
            309,
            289,
            308,
            326,
            343,
            359,
            374,
            388,
            401,
            413,
            424,
            412,
            423,
            433,
            442,
            441,
            449,
            456,
            463,
            457,
            464,
            450
        ],
        [
            209,
            229,
            250,
            271,
            292,
            272,
            251,
            230,
            252,
            273,
            293,
            312,
            330,
            311,
            329,
            310,
            328,
            345,
            327,
            344,
            360,
            375,
            389,
            402,
            414,
            425,
            435,
            444,
            434,
            443,
            451,
            458,
            465,
            459,
            452,
            460,
            453,
            445,
            436,
            426,
            415,
            403,
            390,
            404
        ],
        [
            361,
            376,
