{
    "problem_name": "Golden_10",
    "dimension": 324,
    "capacity": 1000,
    "best_cost": 880.4704479776588,
    "vehicles_used": 16,
    "total_load": 15195,
    "execution_time_seconds": 209.32782793045044,
    "depot_index": 0,
    "routes": [
        [
            1,
            3,
            6,
            10,
            15,
            21,
            28
        ],
        [
            2,
            4
        ],
        [
            5,
            8,
            12,
            17,
            23,
            16,
            11
        ],
        [
            9,
            13,
            18,
            24,
            31,
            39,
            48,
            38,
            30
        ],
        [
            14,
            19,
            25,
            32,
            40,
            49,
            59,
            70,
            58,
            47,
            57,
            46,
            36
        ],
        [
            20,
            26,
            33,
            41,
            50,
            60,
            71,
            83,
            96,
            82,
            69,
            81,
            94,
            80,
            67,
            56
        ],
        [
            27,
            34,
            42,
            51,
            61,
            72,
            84,
            97,
            111,
            126,
            110,
            95,
            109,
            124,
            108,
            107,
            92,
            93
        ],
        [
            35,
            43,
            52,
            62,
            73,
            85,
            98,
            112,
            127,
            143,
            160,
            142,
            125,
            141,
            158,
            140,
            123,
            139,
            138,
            121,
            122
        ],
        [
            44,
            53,
            63,
            74,
            86,
            99,
            113,
            128,
            144,
            161,
            178,
            194,
            177,
            159,
            176,
            192,
            175,
            157,
            174,
            156,
            173,
            155,
            154,
            137
        ],
        [
            45,
            55,
            66,
            78,
            91,
            105,
            120,
            136,
            153,
            171,
            188,
            172,
            189,
            204,
            219,
            205,
            190,
            206,
            191,
            207,
            221,
            234,
            220,
            233,
            246,
            258,
            247,
            235,
            222,
            208,
            223,
            209,
            193
        ],
        [
            54,
            64,
            75,
            87,
            100,
            114,
            129,
            145,
            162,
            179,
            195,
            210,
            224,
            237,
            249,
            260,
            270,
            259,
            269,
            279,
            288,
            280,
            271,
            261,
            250,
            238
        ],
        [
            76,
            88,
            101,
            115,
            130,
            146,
            163,
            180,
            196,
            211,
            225,
            239,
            226,
            212,
            197,
            181,
            164,
            147,
            131,
            116,
            102,
            89,
            77,
            65
        ],
        [
            90,
            103,
            117,
            132,
            148,
            165,
            182,
            198,
            213,
            227,
            240,
            252,
            263,
            251,
            273,
            282,
            272,
            281,
            289,
            296,
            303,
            297,
            290,
            298,
            291,
            283,
            274,
            264,
            253,
            241
        ],
        [
            104,
            118,
            133,
            149,
            166,
            183,
            199,
            229,
            215,
            200,
            184,
            167,
            150,
            134,
            151,
            135,
            152,
            169,
            186,
            168,
            185,
            201,
            216,
            230,
            243,
            255,
            266,
            265,
            254,
            242,
            228,
            214
        ],
        [
            217,
            231,
            244,
            256,
            267,
            277,
            286,
            276,
            285,
            275,
            284,
            292,
            299,
            305,
            310,
            304,
            309,
            314,
            318,
            315,
            311,
            306,
            300,
            293,
            301,
            294,
            302,
            295,
            287,
            278,
            268,
            257,
            245,
            232,
            218,
            202
        ],
        [
            119,
            170,
            187,
            203,
            308,
            313,
            312,
            316,
            319,
            321,
            323,
            322,
            320,
            317,
            307,
            262,
            236,
            248,
            106,
            79,
            68,
            37,
            29,
            22,
            7
        ]
    ]
}