{
    "problem_name": "Golden_13",
    "dimension": 253,
    "capacity": 1000,
    "best_cost": 1034.1136853350026,
    "vehicles_used": 26,
    "total_load": 25136,
    "execution_time_seconds": 305.7901065349579,
    "depot_index": 0,
    "routes": [
        [
            1,
            2,
            3
        ],
        [
            4,
            5,
            78,
            6
        ],
        [
            7,
            8,
            9
        ],
        [
            10,
            11,
            12
        ],
        [
            13,
            14,
            15,
            16,
            17
        ],
        [
            18,
            19,
            20,
            77,
            21,
            22
        ],
        [
            23,
            24,
            25,
            26,
            86,
            27
        ],
        [
            28,
            29,
            30,
            31,
            32
        ],
        [
            33,
            34,
            35,
            36,
            37,
            38,
            39
        ],
        [
            40,
            41,
            42,
            43,
            44,
            45,
            46,
            79
        ],
        [
            47,
            48,
            49,
            50,
            51,
            52,
            53,
            88
        ],
        [
            87,
            54,
            55,
            56,
            57,
            58,
            59,
            60
        ],
        [
            62,
            63,
            64,
            66,
            67,
            105,
            104,
            103,
            102,
            65
        ],
        [
            71,
            72,
            73,
            75,
            76,
            116,
            115,
            114,
            113,
            159,
            74
        ],
        [
            80,
            81,
            82,
            84,
            85,
            127,
            126,
            125,
            124,
            172,
            83
        ],
        [
            89,
            90,
            91,
            93,
            94,
            138,
            137,
            136,
            135,
            185,
            92
        ],
        [
            97,
            98,
            99,
            100,
            101,
            145,
            144,
            143,
            142,
            141,
            192,
            140,
            139
        ],
        [
            107,
            106,
            152,
            151,
            150,
            149,
            148,
            147,
            199,
            198,
            197,
            196,
            195,
            194,
            193
        ],
        [
            108,
            109,
            110,
            111,
            112,
            158,
            157,
            156,
            155,
            154,
            153,
            207,
            206,
            205
        ],
        [
            118,
            117,
            165,
            164,
            163,
            162,
            161,
            160,
            214,
            213,
            212,
            211,
            210,
            209,
            208
        ],
        [
            119,
            120,
            121,
            122,
            123,
            171,
            170,
            169,
            168,
            167,
            166,
            222,
            221,
            220
        ],
        [
            129,
            128,
            178,
            177,
            176,
            175,
            174,
            173,
            229,
            228,
            227,
            226,
            225,
            224,
            223
        ],
        [
            130,
            131,
            132,
            133,
            134,
            184,
            183,
            182,
            181,
            180,
            179,
            237,
            236,
            235
        ],
        [
            191,
            190,
            189,
            188,
            187,
            186,
            244,
            243,
            242,
            241,
            240,
            239,
            238,
            234,
            233
        ],
        [
            252,
            251,
            250,
            249,
            248,
            247,
            246,
            245,
            232,
            231,
            230,
            219,
            218,
            217,
            216,
            215
        ],
        [
            70,
            69,
            68,
            204,
            203,
            202,
            201,
            200,
            146,
            61,
            96,
            95
        ]
    ]
}