{
    "problem_name": "Golden_4",
    "dimension": 481,
    "capacity": 1000,
    "best_cost": 15758.291448688959,
    "vehicles_used": 10,
    "total_load": 9600,
    "execution_time_seconds": 206.20387268066406,
    "depot_index": 0,
    "routes": [
        [
            2,
            1,
            40,
            39,
            38,
            37,
            36,
            35,
            34,
            33,
            32,
            31,
            30,
            29,
            28,
            27,
            26,
            25,
            24,
            23,
            22,
            21,
            20,
            19,
            18,
            17,
            16,
            15,
            14,
            13,
            12,
            11,
            10,
            9,
            8,
            7,
            6,
            5,
            4,
            3,
            43,
            42,
            41,
            80,
            79,
            78,
            77,
            76,
            75,
            73
        ],
        [
            45,
            46,
            47,
            48,
            49,
            50,
            51,
            52,
            53,
            54,
            55,
            56,
            57,
            58,
            59,
            60,
            61,
            62,
            63,
            64,
            65,
            66,
            67,
            68,
            69,
            70,
            71,
            72,
            74,
            114,
            115,
            116,
            117,
            118,
            119,
            120,
            81,
            82,
            83,
            84,
            85,
            86,
            87,
            88,
            89,
            90,
            91,
            92,
            93
        ],
        [
            44,
            124,
            125,
            126,
            127,
            128,
            129,
            130,
            131,
            132,
            172,
            173,
            174,
            175,
            176,
            177,
            178,
            179,
            180,
            181,
            182,
            183,
            184,
            185,
            186,
            187,
            188,
            189,
            190,
            191,
            192,
            193,
            194,
            195,
            196,
            197,
            198,
            199,
            200,
            161,
            162,
            163,
            164,
            165,
            166,
            167,
            168,
            169,
            170,
            171,
            212,
            213
        ],
        [
            96,
            95,
            94,
            134,
            135,
            136,
            137,
            138,
            139,
            140,
            141,
            142,
            143,
            144,
            145,
            146,
            147,
            148,
            149,
            150,
            151,
            152,
            153,
            154,
            155,
            156,
            157,
            158,
            159,
            160,
            121,
            122,
            123,
            203,
            204,
            205,
            206,
            207,
            208,
            209,
            210,
            211,
            251,
            291,
            133
        ],
        [
            106,
            105,
            104,
            103,
            102,
            101,
            100,
            99,
            98,
            97,
            217,
            218,
            219,
            220,
            221,
            222,
            223,
            224,
            225,
            226,
            227,
            228,
            229,
            230,
            231,
            232,
            233,
            234,
            235,
            236,
            237,
            238,
            239,
            240,
            201,
            202,
            242,
            282,
            322,
            362,
            402,
            442,
            441,
            401,
            361,
            321,
            281,
            241,
            280
        ],
        [
            108,
            109,
            110,
            111,
            112,
            113,
            107,
            267,
            307,
            347,
            387,
            427,
            467,
            466,
            426,
            386,
            346,
            306,
            266,
            265,
            305,
            345,
            385,
            425,
            465,
            464,
            424,
            384,
            344,
            304,
            264,
            263,
            303,
            343,
            383,
            423,
            463,
            462,
            422,
            382,
            342,
            302,
            262,
            261,
            301,
            341
        ],
        [
            216,
            215,
            214,
            254,
            294,
            334,
            374,
            414,
            454,
            455,
            415,
            375,
            335,
            295,
            255,
            256,
            296,
            336,
            376,
            416,
            456,
            457,
            417,
            377,
            337,
            297,
            257,
            258,
            298,
            338,
            378,
            418,
            458,
            459,
            419,
            379,
            339,
            299,
            259,
            260,
            300,
            340,
            380,
            420,
            460,
            461,
            421,
            381
        ],
        [
            246,
            286,
            326,
            366,
            406,
            446,
            445,
            405,
            365,
            325,
            285,
            245,
            244,
            284,
            324,
            364,
            404,
            444,
            443,
            403,
            363,
            323,
            283,
            243,
            279,
            319,
            359,
            399,
            439,
            479,
            478,
            438,
            398,
            358,
            318,
            278,
            277,
            317,
            357,
            397,
            437,
            477,
            476,
            436,
            396,
            356,
            316,
            276,
            275
        ],
        [
            269,
            309,
            349,
            389,
            429,
            469,
            468,
            428,
            388,
            348,
            308,
            268,
            270,
            310,
            350,
            390,
            430,
            470,
            471,
            431,
            391,
            351,
            311,
            271,
            272,
            312,
            352,
            392,
            432,
            472,
            473,
            433,
            393,
            353,
            313,
            273,
            274,
            314,
            354,
            394,
            434,
            474,
            475,
            435,
            395,
            355,
            315,
            440,
            480,
            400,
            360,
            320
        ],
        [
            248,
            288,
            328,
            368,
            408,
            448,
            449,
            409,
            369,
            329,
