{
    "problem_name": "Golden_20",
    "dimension": 421,
    "capacity": 200,
    "best_cost": 2073.30855468442,
    "vehicles_used": 38,
    "total_load": 7560,
    "execution_time_seconds": 796.0997080802917,
    "depot_index": 0,
    "routes": [
        [
            21,
            2,
            23,
            74,
            62,
            81,
            26,
            86,
            141,
            201,
            146,
            27
        ],
        [
            22,
            3,
            29,
            34,
            89,
            63,
            82,
            31,
            91,
            142,
            202,
            151,
            32
        ],
        [
            45,
            5,
            38,
            47,
            98,
            65,
            105,
            50,
            165,
            110,
            51
        ],
        [
            46,
            6,
            58,
            113,
            66,
            106,
            55,
            115,
            166,
            226,
            175,
            56
        ],
        [
            13,
            1,
            54,
            15,
            114,
            61,
            73,
            18,
            78,
            133,
            193,
            138,
            19
        ],
        [
            30,
            4,
            37,
            42,
            97,
            64,
            90,
            39,
            99,
            150,
            210,
            159,
            40
        ],
        [
            14,
            24,
            83,
            134,
            122,
            194,
            143,
            84,
            25,
            80,
            139,
            79,
            20
        ],
        [
            35,
            94,
            149,
            123,
            209,
            154,
            95,
            36,
            101,
            160,
            219,
            100,
            41
        ],
        [
            48,
            107,
            158,
            125,
            218,
            167,
            108,
            49,
            44,
            103,
            162,
            217,
            157,
            102
        ],
        [
            59,
            118,
            173,
            126,
            233,
            178,
            119,
            60,
            17,
            76,
            135,
            234,
            174,
            75
        ],
        [
            16,
            12,
            77,
            136,
            195,
            294,
            241,
            253,
            181
        ],
        [
            43,
            10,
            104,
            163,
            222,
            277,
            244,
            270,
            184
        ],
        [
            28,
            87,
            88,
            8,
            93,
            152,
            211,
            262,
            243,
            274,
            269,
            214
        ],
        [
            33,
            92,
            68,
            148,
            207,
            266,
            321,
            302,
            314,
            263,
            204
        ],
        [
            52,
            111,
            112,
            11,
            117,
            176,
            235,
            286,
            246,
            293,
            238,
            53
        ],
        [
            57,
            116,
            71,
            172,
            231,
            290,
            345,
            305,
            338,
            287,
            228
        ],
        [
            121,
            7,
            85,
            144,
            203,
            254,
            242,
            261,
            206,
            153
        ],
        [
            9,
            96,
            155,
            156,
            69,
            161,
            220,
            279,
            124
        ],
        [
            109,
            169,
            168,
            227,
            278,
            245,
            285,
            230,
            171,
            170,
            225,
            185
        ],
        [
            120,
            179,
            180,
            72,
            137,
            196,
            255,
            354,
            301,
            313,
            258,
            198
        ],
        [
            147,
            128,
            208,
            267,
            326,
            381,
            362,
            374,
            182
        ],
        [
            183,
            271,
            322,
            303,
            329,
            215,
            216,
            281,
            221,
            129
        ],
        [
            186,
            295,
            346,
            306,
            353,
            298,
            239,
            240,
            197,
            132
        ],
        [
            67,
            140,
            127,
            205,
            264,
            323,
            324,
            265,
            260,
            200,
            199
        ],
        [
            70,
            164,
            130,
            229,
            288,
            347,
            398,
            365,
            405,
            350
        ],
        [
            177,
            131,
            232,
            291,
            292,
            191,
            297,
            356,
            415,
            237,
            236
        ],
        [
            145,
            187,
            259,
            373,
            361,
            414,
            315,
            256,
            192
        ],
        [
            212,
            213,
            272,
            331,
            382,
            363,
            389,
            334,
            275,
            276,
            189
        ],
        [
            282,
            337,
            304,
            330,
            339,
            390,
            364,
            397,
            342,
            284,
            283,
            223
        ],
        [
            296,
            355,
            406,
            366,
            413,
            358,
            359,
            418,
            419,
            360,
            317,
            300,
            299
        ],
        [
            280,
            340,
            399,
            400,
            341,
            336,
            395,
            396,
            309,
            249
        ],
        [
            188,
            268,
            327,
            386,
            387,
            328,
            248,
            333,
            392,
            391,
            273
        ],
        [
            224,
            190,
            289,
            348,
            407,
            408,
            349,
            250,
            344,
            403,
            402
        ],
        [
            335,
            394,
            332,
            308,
            393,
            368,
            388,
            383,
            384,
            325,
            320
        ],
        [
            351,
            352,
            251,
            357,
            311,
            412,
            371,
            417,
            416
        ],
        [
            316,
            375,
            376,
            312,
            420,
            372,
            377,
            252,
            257
        ],
        [
            319,
            247,
            380,
            367,
            385,
            307,
            379,
            378,
            318
        ],
        [
            411,
            410,
            409,
            370,
            404,
            310,
            343,
