{
    "problem_name": "Golden_8",
    "dimension": 441,
    "capacity": 900,
    "best_cost": 13185.415255878785,
    "vehicles_used": 10,
    "total_load": 8800,
    "execution_time_seconds": 287.79633712768555,
    "depot_index": 0,
    "routes": [
        [
            2,
            1,
            44,
            43,
            42,
            41,
            40,
            39,
            38,
            37,
            36,
            35,
            34,
            33,
            32,
            31,
            30,
            29,
            28,
            27,
            26,
            25,
            24,
            23,
            22,
            21,
            20,
            19,
            18,
            17,
            16,
            15,
            14,
            13,
            12,
            11,
            10,
            9,
            8,
            7,
            6,
            5,
            4,
            3,
            48,
            49
        ],
        [
            52,
            53,
            54,
            55,
            56,
            57,
            58,
            59,
            60,
            61,
            62,
            63,
            64,
            65,
            66,
            67,
            68,
            69,
            70,
            71,
            72,
            73,
            74,
            75,
            76,
            77,
            78,
            79,
            80,
            81,
            82,
            83,
            84,
            85,
            86,
            87,
            88,
            45,
            46,
            47,
            50,
            51,
            95,
            96
        ],
        [
            90,
            89,
            132,
            131,
            130,
            129,
            128,
            127,
            126,
            125,
            124,
            123,
            122,
            121,
            120,
            119,
            118,
            117,
            116,
            115,
            114,
            113,
            112,
            111,
            110,
            109,
            108,
            107,
            106,
            105,
            104,
            103,
            102,
            101,
            100,
            99,
            98,
            97,
            141,
            140,
            139,
            138,
            137,
            136,
            135,
            92
        ],
        [
            91,
            134,
            133,
            176,
            175,
            174,
            173,
            172,
            171,
            170,
            169,
            168,
            167,
            166,
            165,
            164,
            163,
            162,
            161,
            160,
            159,
            158,
            157,
            156,
            155,
            154,
            153,
            152,
            151,
            150,
            149,
            148,
            147,
            146,
            145,
            144,
            143,
            142,
            186,
            185,
            184,
            183,
            94,
            93
        ],
        [
            201,
            202,
            203,
            204,
            205,
            206,
            207,
            208,
            209,
            210,
            211,
            212,
            213,
            214,
            215,
            216,
            217,
            218,
            219,
            220,
            177,
            178,
            179,
            180,
            181,
            182,
            226,
            225,
            224,
            223,
            222,
            221,
            264,
            263,
            262,
            261,
            260,
            259,
            258,
            257,
            256,
            255,
            254,
            253,
            252
        ],
        [
            192,
            191,
            190,
            189,
            188,
            187,
            231,
            230,
            229,
            228,
            227,
            271,
            270,
            269,
            268,
            267,
            266,
            265,
            308,
            307,
            306,
            305,
            304,
            303,
            302,
            301,
            300,
            299,
            298,
            297,
            296,
            341,
            385,
            429,
            430,
            386,
            342,
            343,
            387,
            431,
            432,
            388,
            344,
            389,
            433,
            345
        ],
        [
            195,
            194,
            193,
            237,
            236,
            235,
            234,
            233,
            232,
            276,
            275,
            274,
            273,
            272,
            316,
            360,
            404,
            405,
            361,
            317,
            318,
            362,
            406,
            407,
            363,
            319,
            320,
            364,
            408,
            409,
            365,
            321,
            277,
            278,
            279,
            280,
            281,
            282,
            283,
            284,
            285,
            286,
            287,
            288,
            289,
            290,
            291,
            292,
            337,
            293
        ],
        [
            196,
            197,
            198,
            199,
            200,
            244,
            245,
            246,
            247,
            248,
            249,
            250,
            251,
            295,
            294,
            338,
            382,
            383,
            339,
            340,
            384,
            428,
            427,
            426,
            381,
            425,
            424,
            380,
            336,
            335,
            379,
            423,
            422,
            378,
            334,
            333,
            377,
            421,
            420,
            376,
            332,
            375,
            419,
            331
        ],
        [
            238,
            239,
            240,
            241,
            242,
            243,
            330,
            374,
            418,
            417,
            373,
            329,
            328,
            372,
            416,
            415,
            371,
            327,
            326,
            370,
            414,
            413,
            369,
            325,
            324,
            368,
            412,
            411,
            367,
            323,
            322,
            366,
            410,
            315,
            359,
            403,
            402,
            358,
            314,
            313
        ],
        [
            349,
            393,
            437,
            438,
            394,
            350,
            351,
            395,
            439,
            440,
            396,
            352,
            353,
            397,
            398,
            354,
            355,
            399,
            400,
            356,
            357,
            401,
            312,
            311,
            310,
            309,
            348,
            347,
            391,
            392,
            436,
            435,
            434,
            390,
            346
        ]
    ]
}