{
    "problem_name": "Golden_18",
    "dimension": 301,
    "capacity": 200,
    "best_cost": 1127.7377531212833,
    "vehicles_used": 27,
    "total_load": 5400,
    "execution_time_seconds": 631.1247084140778,
    "depot_index": 0,
    "routes": [
        [
            30,
            39,
            40,
            99,
            159,
            210,
            150,
            90,
            64,
            97,
            42,
            4,
            37
        ],
        [
            38,
            47,
            48,
            107,
            167,
            218,
            158,
            98,
            65,
            105,
            50,
            5,
            45
        ],
        [
            46,
            55,
            56,
            115,
            175,
            226,
            166,
            106,
            66,
            113,
            58,
            6,
            53
        ],
        [
            14,
            23,
            74,
            62,
            146,
            87,
            28,
            27,
            26,
            81,
            2,
            21
        ],
        [
            22,
            31,
            82,
            63,
            149,
            209,
            154,
            94,
            35,
            34,
            89,
            3,
            29
        ],
        [
            13,
            18,
            19,
            78,
            138,
            193,
            133,
            73,
            61,
            114,
            15,
            1,
            54
        ],
        [
            49,
            108,
            109,
            168,
            227,
            278,
            245,
            285,
            230,
            171,
            112,
            111,
            52
        ],
        [
            123,
            183,
            243,
            262,
            211,
            152,
            151,
            202,
            142,
            91
        ],
        [
            59,
            118,
            173,
            126,
            186,
            233,
            178,
            119,
            60,
            17,
            76
        ],
        [
            51,
            110,
            165,
            125,
            170,
            225,
            185,
            287,
            228,
            169,
            164,
            104
        ],
        [
            25,
            84,
            143,
            194,
            182,
            201,
            261,
            206,
            147,
            68,
            93,
            88
        ],
        [
            24,
            83,
            134,
            122,
            141,
            86,
            148,
            8,
            92,
            33,
            32
        ],
        [
            43,
            44,
            103,
            163,
            222,
            277,
            244,
            184,
            217,
            162,
            157
        ],
        [
            75,
            174,
            121,
            135,
            234,
            181,
            253,
            198,
            139,
            80,
            79,
            20
        ],
        [
            10,
            70,
            130,
            190,
            284,
            283,
            224
        ],
        [
            129,
            216,
            275,
            189,
            276,
            249,
            281,
            280,
            221
        ],
        [
            41,
            100,
            101,
            156,
            215,
            274,
            269,
            214,
            155,
            96,
            9,
            95,
            36
        ],
        [
            57,
            11,
            71,
            172,
            231,
            290,
            232,
            237,
            296,
            117,
            116
        ],
        [
            16,
            77,
            132,
            197,
            240,
            298,
            239,
            180,
            179,
            120,
            12
        ],
        [
            72,
            300,
            252,
            257,
            192,
            256,
            255,
            196,
            137
        ],
        [
            67,
            145,
            204,
            263,
            205,
            127,
            200,
            259,
            258,
            199,
            140
        ],
        [
            7,
            85,
            144,
            203,
            254,
            242,
            266,
            267,
            268,
            208,
            207
        ],
        [
            124,
            160,
            69,
            161,
            220,
            279,
            219,
            270,
            282,
            223,
            229
        ],
        [
            212,
            271,
            272,
            273,
            248,
            188,
            213,
            128,
            153
        ],
        [
            102,
            250,
            289,
            288,
            291,
            292,
            251,
            297,
            191
        ],
        [
            136,
            195,
            294,
            241,
            260,
            247,
            265,
            187,
            264
        ],
        [
            238,
            293,
            299,
            246,
            286,
            235,
            295,
            236,
            131,
            177,
            176
        ]
    ]
}