{
    "problem_name": "Golden_3",
    "dimension": 401,
    "capacity": 900,
    "best_cost": 22649.244138896323,
    "vehicles_used": 9,
    "total_load": 8000,
    "execution_time_seconds": 2711.6725039482117,
    "depot_index": 0,
    "routes": [
        [
            52,
            90,
            126,
            167,
            289,
            329,
            328,
            367,
            326,
            365,
            364,
            323,
            282,
            362,
            321,
            360,
            400,
            399,
            359,
            357,
            276,
            277,
            237,
            162,
            80,
            29,
            108,
            106,
            146,
            147,
            187,
            347,
            387,
            345,
            344,
            382,
            301,
            380,
            379,
            378,
            256,
            215,
            173,
            180,
            183
        ],
        [
            33,
            67,
            70,
            153,
            234,
            191,
            151,
            148,
            184,
            143,
            142,
            182,
            181,
            300,
            340,
            381,
            302,
            304,
            384,
            385,
            386,
            388,
            389,
            348,
            229,
            351,
            393,
            353,
            315,
            236,
            238,
            319,
            200,
            283,
            125,
            83,
            41,
            48,
            129,
            133,
            254,
            216,
            176,
            177,
            136,
            96,
            54,
            57,
            59,
            101,
            61,
            60
        ],
        [
            34,
            75,
            114,
            154,
            157,
            159,
            122,
            164,
            243,
            202,
            320,
            275,
            271,
            268,
            265,
            305,
            343,
            342,
            299,
            338,
            337,
            295,
            255,
            137,
            97,
            100,
            140,
            223,
            144,
            66,
            25,
            18,
            51,
            92,
            91,
            131,
            130,
            128,
            84,
            44,
            49,
            8
        ],
        [
            30,
            39,
            2,
            43,
            82,
            81,
            120,
            119,
            121,
            124,
            206,
            207,
            208,
            286,
            242,
            317,
            356,
            274,
            231,
            152,
            68,
            227,
            222,
            220,
            258,
            298,
            297,
            335,
            178,
            175,
            171,
            89,
            88,
            87,
            85,
            50,
            93,
            94,
            95,
            11
        ],
        [
            35,
            38,
            1,
            4,
            45,
            46,
            86,
            118,
            117,
            115,
            155,
            156,
            196,
            158,
            160,
            161,
            279,
            241,
            281,
            361,
            363,
            325,
            366,
            285,
            246,
            247,
            169,
            170,
            134,
            55,
            12,
            14,
            56,
            58,
            217,
            257,
            219,
            263,
            224,
            186,
            149,
            107,
            65,
            28,
            24,
            20
        ],
        [
            37,
            40,
            3,
            6,
            47,
            9,
            13,
            16,
            213,
            214,
            294,
            373,
            292,
            331,
            251,
            250,
            165,
            284,
            240,
            239,
            398,
            316,
            235,
            394,
            273,
            232,
            272,
            310,
            390,
            349,
            267,
            226,
            228,
            188,
            189,
            111,
            73,
            76,
            79,
            69,
            26,
            23,
            22,
            21,
            19
        ],
        [
            31,
            99,
            98,
            138,
            139,
            179,
            218,
            341,
            383,
            303,
            264,
            225,
            306,
            308,
            269,
            150,
            190,
            230,
            270,
            352,
            233,
            193,
            194,
            195,
            197,
            198,
            199,
            278,
            280,
            201,
            203,
            204,
            244,
            245,
            205,
            168,
            209,
            249,
            290,
            371,
            332,
            333,
            293,
            252,
            212,
            53
        ],
        [
            27,
            63,
            62,
            141,
            221,
            103,
            105,
            145,
            185,
            266,
            346,
            307,
            309,
            350,
            311,
            312,
            313,
            314,
            355,
            113,
            72,
            32,
            36,
            74,
            77,
            42,
            127,
            166,
            287,
            327,
            288,
            368,
            369,
            372,
            211,
            172,
            174,
            135,
            17,
            15,
            10,
            7,
            5
        ],
        [
            64,
            104,
            102,
            262,
            261,
            260,
            259,
            339,
            377,
            376,
            336,
            296,
            375,
            374,
            334,
            253,
            132,
            210,
            291,
            370,
            330,
            248,
            123,
            163,
            324,
            322,
            318,
            358,
            397,
            396,
            395,
            354,
            392,
            391,
            192,
            112,
            110,
            109,
            71,
            116,
            78
        ]
    ]
}