{
    "problem_name": "Golden_20",
    "dimension": 421,
    "capacity": 200,
    "best_cost": 4617.207300426517,
    "vehicles_used": 39,
    "total_load": 7560,
    "execution_time_seconds": 145.91105198860168,
    "depot_index": 0,
    "routes": [
        [
            39,
            148,
            314,
            67,
            294,
            414,
            358,
            406,
            251,
            111
        ],
        [
            59,
            132,
            256,
            354,
            205,
            323,
            188,
            208,
            207,
            206,
            81
        ],
        [
            136,
            110,
            250,
            402,
            399,
            369,
            334,
            303,
            271,
            211
        ],
        [
            98,
            165,
            190,
            244,
            279,
            269,
            209,
            142,
            121,
            317,
            120
        ],
        [
            53,
            246,
            5,
            108,
            9,
            394,
            332,
            83
        ],
        [
            62,
            87,
            92,
            32,
            31,
            184,
            103,
            57,
            286,
            293
        ],
        [
            143,
            76,
            315,
            360,
            420,
            419,
            415,
            351,
            408,
            348,
            69,
            42
        ],
        [
            29,
            152,
            201,
            19,
            352,
            371,
            412,
            410,
            409,
            370,
            284,
            150
        ],
        [
            91,
            63,
            101,
            124,
            44,
            287,
            292,
            295,
            346,
            298,
            173,
            170,
            158,
            47
        ],
        [
            243,
            322,
            392,
            327,
            17,
            178,
            175,
            176,
            405,
            56,
            106
        ],
        [
            6,
            199,
            144,
            242,
            362,
            333,
            382,
            274,
            161
        ],
        [
            157,
            43,
            48,
            350,
            349,
            289,
            339,
            220,
            155,
            374,
            265,
            258,
            1
        ],
        [
            114,
            13,
            41,
            396,
            331,
            381,
            254,
            203,
            320,
            306,
            345,
            229,
            342,
            223,
            37
        ],
        [
            77,
            135,
            61,
            18,
            146,
            341,
            288,
            109,
            185,
            417,
            416,
            177
        ],
        [
            217,
            404,
            310,
            366,
            299,
            316,
            200,
            122
        ],
        [
            79,
            378,
            325,
            386,
            153,
            68,
            33,
            329,
            156,
            270,
            277,
            344,
            398,
            169,
            50,
            38
        ],
        [
            228,
            218,
            225,
            115,
            238,
            300,
            193,
            85,
            145,
            182,
            273,
            93,
            94,
            26,
            23,
            25
        ],
        [
            138,
            226,
            105,
            107,
            347,
            70,
            221,
            129,
            35,
            34
        ],
        [
            183,
            302,
            263,
            20,
            253,
            113,
            172,
            230,
            305,
            168
        ],
        [
            36,
            95,
            335,
            401,
            364,
            224,
            186,
            118,
            259
        ],
        [
            149,
            147,
            2,
            75,
            12,
            191,
            283,
            163
        ],
        [
            11,
            130,
            290,
            131,
            239,
            195,
            241
        ],
        [
            97,
            104,
            167,
            278,
            291,
            72,
            133,
            7,
            321,
            326,
            328,
            266,
            14
        ],
        [
            363,
            389,
            215,
            51,
            55,
            116,
            237,
            375,
            301,
            137
        ],
        [
            46,
            196,
            192,
            240,
            353,
            236,
            245,
            407,
            99,
            202,
            262,
            134
        ],
        [
            74,
            261,
            204,
            140,
            198,
            384,
            267,
            82,
            100,
            164,
            171,
            357,
            418,
            233
        ],
        [
            78,
            45,
            356,
            285,
            338,
            397,
            390,
            249,
            154,
            89,
            4
        ],
        [
            139,
            260,
            187,
            268,
            391,
            336,
            189,
            219,
            162,
            117,
            359,
            60
        ],
        [
            66,
            174,
            194,
            248,
            308,
            275,
            64
        ],
        [
            73,
            80,
            181,
            361,
            180,
            71,
            365,
            96
        ],
        [
            257,
            235,
            311,
            411,
            403,
            343,
            340,
            160,
            123
        ],
        [
            21,
            88,
            141,
            197,
            166,
            49,
            222,
            282,
            337,
            330,
            309,
            276,
            216,
            210,
            30
        ],
        [
            304,
            400,
            281,
            128,
            307,
            380,
            379,
            16
        ],
        [
            8,
            86,
            264,
            255,
            119,
            179,
            355,
            297,
            232,
            10,
            159
        ],
        [
            40,
            84,
            383,
            324,
            373,
            376,
            296,
            231,
            112,
            52,
            58,
            54
        ],
        [
            65,
            126,
            413,
            15,
            27,
            213,
            212,
            3,
            90
        ],
        [
            102,
            280,
            395,
            387,
            127,
            313,
            252,
            234,
            24
        ],
        [
            22,
            214,
            272,
            151,
            28,
            377,
            372,
            312,
            227,
            125
        ],
        [
            318,
            319,
            247,
            367,
