{
    "problem_name": "Golden_16",
    "dimension": 481,
    "capacity": 1000,
    "best_cost": 1913.0401489488104,
    "vehicles_used": 37,
    "total_load": 35772,
    "execution_time_seconds": 23.717740297317505,
    "depot_index": 0,
    "routes": [
        [
            9,
            87,
            8,
            7
        ],
        [
            27,
            52,
            86,
            127,
            234,
            373,
            299,
            176,
            85,
            26
        ],
        [
            5,
            20,
            43,
            111,
            42,
            19
        ],
        [
            1,
            13,
            32,
            12
        ],
        [
            4,
            18,
            40,
            70,
            108,
            17
        ],
        [
            24,
            48,
            49,
            82,
            50,
            51,
            25
        ],
        [
            14,
            35,
            100,
            145,
            198,
            101,
            64,
            2
        ],
        [
            23,
            80,
            81,
            122,
            171,
            227,
            228,
            172,
            123,
            83,
            84
        ],
        [
            41,
            71,
            109,
            156,
            210,
            272,
            342,
            341,
            271,
            209,
            155,
            69,
            39
        ],
        [
            3,
            107,
            106,
            68,
            38,
            37,
            16
        ],
        [
            47,
            79,
            119,
            167,
            46,
            22,
            6
        ],
        [
            21,
            44,
            76,
            116,
            117,
            118,
            78,
            77,
            45
        ],
        [
            10,
            28,
            53,
            129,
            179,
            236,
            178,
            128
        ],
        [
            11,
            29,
            56,
            30,
            31
        ],
        [
            120,
            168,
            224,
            288,
            360,
            359,
            287,
            223,
            222,
            166,
            165,
            164,
            163,
            115,
            75
        ],
        [
            67,
            105,
            151,
            204,
            266,
            336,
            335,
            265,
            203,
            150,
            104,
            66,
            15
        ],
        [
            72,
            73,
            112,
            74,
            114,
            162,
            218,
            219,
            220,
            284,
            285,
            358,
            286,
            221
        ],
        [
            57,
            91,
            92,
            137,
            93,
            94,
            58,
            59,
            60
        ],
        [
            110,
            157,
            158,
            159,
            213,
            212,
            274,
            275,
            276,
            214,
            160,
            216,
            217,
            161,
            113
        ],
        [
            126,
            175,
            233,
            298,
            372,
            371,
            453,
            452,
            451,
            370,
            296,
            297,
            231,
            232,
            174,
            124,
            125
        ],
        [
            134,
            185,
            244,
            311,
            386,
            468,
            385,
            310,
            243,
            184,
            133,
            132,
            90,
            55
        ],
        [
            34,
            63,
            144,
            196,
            195,
            143,
            99,
            98,
            62,
            61,
            33
        ],
        [
            54,
            88,
            130,
            180,
            238,
            304,
            305,
            239,
            240,
            182,
            181,
            131,
            89
        ],
        [
            95,
            138,
            190,
            189,
            188,
            248,
            315,
            391,
            390,
            314,
            246,
            247,
            187,
            135,
            136
        ],
        [
            152,
            153,
            154,
            208,
            207,
            269,
            339,
            270,
            340,
            418,
            419,
            420,
            421,
            422,
            345,
            344,
            343,
            273,
            211
        ],
        [
            121,
            170,
            226,
            291,
            292,
            364,
            445,
            444,
            363,
            290,
            362,
            443,
            442,
            441,
            440,
            361,
            289,
            225,
            169
        ],
        [
            183,
            242,
            309,
            384,
            383,
            465,
            464,
            463,
            462,
            461,
            460,
            459,
            378,
            379,
            380,
            381,
            382,
            308,
            307,
            241
        ],
        [
            97,
            141,
            193,
            253,
            320,
            319,
            318,
            250,
            251,
            252,
            192,
            191,
            139,
            140,
            96
        ],
        [
            229,
            293,
            365,
            294,
            366,
            446,
            447,
            448,
            449,
            450,
            369,
            368,
            367,
            295,
            230,
            173,
            300,
            235,
            177
        ],
        [
            249,
            317,
            316,
            392,
            393,
            394,
            478,
            477,
            476,
            475,
            474,
            473,
            472,
            387,
            388,
            389,
            313,
            312,
            245,
            186
        ],
        [
            283,
            282,
            281,
            280,
            279,
            351,
            430,
            431,
            432,
            433,
            352,
            353,
            354,
            434,
            435,
            355,
            356,
            436,
            437,
            438,
            357
        ],
        [
            142,
            194,
            255,
            254,
            322,
            323,
            256,
            257,
            258,
            325,
            401,
            324,
            400,
            399,
            398,
            397,
            480,
            395,
            396,
            321
        ],
        [
            197,
            326,
            327,
            403,
            404,
            328,
            260,
            259,
            199,
            147,
            146,
            102,
            103,
            65,
            36
        ],
        [
            206,
            268,
            338,
            416,
            417,
            423,
            424,
            346,
            277,
            347,
            425,
            426,
            427,
