{
    "problem_name": "Golden_18",
    "dimension": 301,
    "capacity": 200,
    "best_cost": 1151.411353391666,
    "vehicles_used": 27,
    "total_load": 5400,
    "execution_time_seconds": 12.312503099441528,
    "depot_index": 0,
    "routes": [
        [
            13,
            73,
            18,
            19,
            20,
            7,
            67,
            85,
            25,
            24,
            23,
            14
        ],
        [
            21,
            2,
            62,
            81,
            26,
            86,
            141,
            122,
            134,
            83,
            74
        ],
        [
            1,
            114,
            75,
            174,
            135,
            234,
            195,
            136,
            77,
            76,
            17,
            16,
            15,
            54
        ],
        [
            38,
            5,
            105,
            65,
            165,
            225,
            170,
            111,
            110,
            51,
            50,
            45
        ],
        [
            30,
            4,
            90,
            64,
            157,
            102,
            103,
            44,
            43,
            42,
            97,
            37
        ],
        [
            46,
            55,
            56,
            57,
            11,
            71,
            131,
            172,
            112,
            52
        ],
        [
            48,
            49,
            10,
            109,
            108,
            167,
            218,
            125,
            158,
            107,
            98,
            47
        ],
        [
            61,
            133,
            78,
            79,
            80,
            140,
            127,
            145,
            144,
            143,
            84
        ],
        [
            29,
            89,
            34,
            40,
            41,
            100,
            101,
            160,
            159,
            210,
            124,
            150,
            99,
            39
        ],
        [
            6,
            106,
            115,
            166,
            126,
            173,
            118,
            66,
            113,
            58,
            53
        ],
        [
            22,
            3,
            31,
            82,
            142,
            91,
            32,
            33,
            88,
            201,
            146,
            87,
            28,
            27
        ],
        [
            168,
            227,
            278,
            287,
            228,
            169,
            164,
            70,
            104,
            163,
            222,
            277,
            217,
            162
        ],
        [
            63,
            123,
            183,
            243,
            209,
            154,
            149,
            94
        ],
        [
            8,
            148,
            128,
            213,
            212,
            153,
            68,
            93,
            92
        ],
        [
            184,
            282,
            223,
            224,
            283,
            284,
            190,
            229,
            130
        ],
        [
            59,
            60,
            12,
            120,
            119,
            178,
            233,
            186,
            226,
            175,
            116
        ],
        [
            117,
            177,
            237,
            232,
            291,
            191,
            297,
            296,
            295,
            236,
            286,
            235,
            176
        ],
        [
            185,
            245,
            288,
            289,
            250,
            290,
            285,
            230,
            171
        ],
        [
            35,
            95,
            36,
            9,
            96,
            69,
            219,
            270,
            244
        ],
        [
            72,
            132,
            240,
            300,
            252,
            192,
            197,
            137
        ],
        [
            151,
            202,
            155,
            214,
            269,
            274,
            215,
            156,
            129,
            216,
            221,
            279,
            220,
            161
        ],
        [
            147,
            207,
            208,
            266,
            206,
            261,
            242,
            263,
            203,
            254,
            182,
            194
        ],
        [
            193,
            138,
            139,
            198,
            253,
            258,
            241,
            294,
            181,
            121
        ],
        [
            152,
            211,
            262,
            271,
            273,
            275,
            189,
            276,
            249,
            281,
            280
        ],
        [
            238,
            293,
            246,
            298,
            299,
            257,
            256,
            255,
            196,
            180,
            239,
            179
        ],
        [
            199,
            200,
            259,
            260,
            247,
            265,
            187,
            264,
            205,
            204
        ],
        [
            251,
            292,
            231,
            272,
            188,
            248,
            268,
            267
        ]
    ]
}