{
    "problem_name": "Golden_14",
    "dimension": 321,
    "capacity": 1000,
    "best_cost": 2761.3973860163355,
    "vehicles_used": 31,
    "total_load": 28672,
    "execution_time_seconds": 103.68869280815125,
    "depot_index": 0,
    "routes": [
        [
            89,
            123,
            168,
            119,
            283,
            280,
            275,
            274,
            269,
            207,
            263,
            200,
            257,
            197,
            108
        ],
        [
            29,
            186,
            136,
            138,
            63,
            99,
            101,
            260,
            201,
            148,
            206,
            161
        ],
        [
            46,
            78,
            162,
            40,
            104,
            135,
            243,
            308,
            306,
            304,
            302,
            86
        ],
        [
            122,
            170,
            288,
            165,
            219,
            281,
            279,
            278,
            213,
            158,
            109,
            209,
            259,
            196,
            59
        ],
        [
            12,
            270,
            210,
            114,
            282,
            284,
            285,
            293,
            295,
            167,
            45
        ],
        [
            83,
            228,
            229,
            296,
            297,
            238,
            28,
            96,
            253,
            193,
            32
        ],
        [
            93,
            54,
            221,
            266,
            103,
            144,
            35,
            15,
            18
        ],
        [
            151,
            146,
            261,
            258,
            198,
            319,
            250,
            90,
            294,
            292,
            121,
            8
        ],
        [
            48,
            179,
            14,
            98,
            195,
            267,
            155,
            111,
            70,
            38
        ],
        [
            67,
            31,
            137,
            312,
            242,
            305,
            299,
            226,
            49,
            25
        ],
        [
            68,
            66,
            140,
            251,
            315,
            185,
            239,
            300,
            128,
            26
        ],
        [
            7,
            81,
            125,
            224,
            218,
            5
        ],
        [
            24,
            19,
            43,
            208,
            204,
            145,
            65,
            17
        ],
        [
            33,
            192,
            132,
            240,
            180,
            234,
            127,
            82,
            117,
            113,
            71
        ],
        [
            87,
            51,
            120,
            222,
            115,
            217,
            277,
            212,
            153,
            36
        ],
        [
            3,
            42,
            276,
            214,
            232,
            298,
            301,
            236,
            131,
            55
        ],
        [
            105,
            149,
            203,
            199,
            254,
            56,
            183,
            310,
            307,
            230,
            289,
            287,
            166,
            76
        ],
        [
            95,
            133,
            309,
            181,
            303,
            175,
            84,
            290,
            216,
            75,
            110,
            106,
            262
        ],
        [
            27,
            85,
            50,
            20,
            74,
            160,
            156,
            69
        ],
        [
            22,
            118,
            126,
            176,
            237,
            57,
            245,
            252,
            142,
            100,
            202
        ],
        [
            58,
            62,
            268,
            271,
            215,
            159,
            73,
            169,
            291,
            231,
            233
        ],
        [
            2,
            13,
            1
        ],
        [
            91,
            317,
            102,
            150,
            272,
            112,
            72,
            6
        ],
        [
            37,
            107,
            152,
            265,
            264,
            147,
            318,
            314,
            311,
            189,
            30,
            60
        ],
        [
            211,
            220,
            47,
            225,
            171,
            235,
            130,
            182,
            92,
            248,
            249,
            141,
            61
        ],
        [
            11,
            94,
            188,
            246,
            187,
            52,
            174,
            223,
            286,
            163
        ],
        [
            9,
            53,
            88,
            124,
            172,
            227,
            77,
            44
        ],
        [
            21,
            116,
            164,
            173,
            184,
            134,
            247,
            139,
            191,
            255,
            256,
            143
        ],
        [
            80,
            177,
            178,
            129,
            244,
            313,
            316,
            190,
            97,
            39,
            154,
            273,
            157
        ],
        [
            10,
            241,
            320,
            194,
            34,
            64,
            205,
            41,
            79
        ],
        [
            23,
            4,
            16
        ]
    ]
}