{
    "problem_name": "Golden_12",
    "dimension": 484,
    "capacity": 1000,
    "best_cost": 1321.5734380170443,
    "vehicles_used": 19,
    "total_load": 18701,
    "execution_time_seconds": 508.78816270828247,
    "depot_index": 0,
    "routes": [
        [
            4,
            31,
            49,
            83,
            111,
            215,
            59,
            17,
            7
        ],
        [
            2,
            5,
            9,
            20,
            13,
            8
        ],
        [
            1,
            16,
            38,
            81,
            140,
            277,
            195,
            176,
            124,
            69,
            58,
            30,
            11
        ],
        [
            3,
            12,
            24,
            40,
            41,
            32,
            25,
            18
        ],
        [
            19,
            26,
            33,
            42,
            52,
            63,
            75,
            88,
            168,
            76,
            64,
            53,
            43,
            34,
            27,
            14
        ],
        [
            39,
            70,
            96,
            126,
            142,
            178,
            218,
            239,
            281,
            300,
            260,
            217,
            197,
            159,
            141,
            125,
            110,
            95,
            82,
            48,
            23
        ],
        [
            62,
            74,
            100,
            115,
            147,
            165,
            203,
            224,
            246,
            267,
            288,
            326,
            307,
            287,
            266,
            245,
            223,
            183,
            164,
            146,
            130,
            114,
            86,
            73,
            51
        ],
        [
            109,
            158,
            196,
            216,
            237,
            258,
            278,
            236,
            194,
            175,
            157,
            123,
            108,
            94,
            68,
            57,
            47,
            29,
            22,
            10,
            6
        ],
        [
            15,
            37,
            80,
            259,
            279,
            317,
            334,
            366,
            380,
            406,
            394,
            381,
            351,
            335,
            299,
            280,
            238,
            177,
            160,
            143,
            127,
            97,
            71,
            60,
            50
        ],
        [
            21,
            28,
            36,
            46,
            56,
            67,
            79,
            93,
            107,
            122,
            139,
            156,
            174,
            193,
            214,
            235,
            257,
            297,
            315,
            332,
            349,
            333,
            316,
            298,
            261,
            84,
            72
        ],
        [
            61,
            85,
            99,
            129,
            163,
            182,
            202,
            222,
            243,
            201,
            221,
            200,
            181,
            162,
            161,
            144,
            145,
            113,
            128,
            112,
            98
        ],
        [
            89,
            102,
            116,
            117,
            103,
            118,
            133,
            132,
            149,
            167,
            185,
            205,
            186,
            150,
            134,
            151,
            187,
            169,
            152,
            135,
            119,
            104,
            90,
            77,
            65,
            54,
            44,
            35
        ],
        [
            45,
            55,
            66,
            78,
            91,
            105,
            120,
            136,
            153,
            171,
            190,
            210,
            232,
            211,
            191,
            212,
            233,
            255,
            276,
            295,
            313,
            331,
            314,
            296,
            256,
            234,
            213,
            192,
            172,
            154,
            137,
            121,
            155,
            138,
            106,
            92
        ],
        [
            87,
            101,
            131,
            148,
            166,
            184,
            204,
            225,
            247,
            268,
            289,
            308,
            325,
            343,
            360,
            376,
            390,
            403,
            389,
            375,
            359,
            342,
            358,
            373,
            357,
            340,
            323,
            305,
            341,
            324,
            306,
            286,
            265,
            244
        ],
        [
            206,
            226,
            248,
            270,
            249,
            227,
            207,
            188,
            170,
            189,
            209,
            229,
            208,
            228,
            250,
            272,
            251,
            230,
            252,
            273,
            293,
            312,
            330,
            347,
            363,
            346,
            329,
            311,
            292,
            271,
            291,
            310,
            328,
            345,
            362,
            378,
            392,
            377,
            361,
            344,
            327,
            309,
            290,
            269
        ],
        [
            180,
            199,
            220,
            242,
            264,
            285,
            374,
            388,
            402,
            415,
            426,
            436,
            425,
            414,
            401,
            400,
            387,
            372,
            356,
            371,
            355,
            339,
            322,
            303,
            304,
            284,
            263,
            241,
            219,
            198,
            179
        ],
        [
            262,
            283,
            321,
            338,
            320,
            337,
            354,
            369,
            370,
            384,
            397,
            410,
            398,
            422,
            432,
            421,
            409,
            420,
            430,
            419,
            418,
            407,
            395,
            408,
            396,
            383,
            382,
            368,
            353,
            336,
            352,
            318,
            319,
            301,
            302,
            282,
            240
        ],
        [
            386,
            385,
            399,
            411,
            433,
            442,
            450,
            458,
            451,
            443,
            434,
            423,
            412,
            413,
            424,
            435,
            444,
            452,
            460,
            466,
            471,
            476,
            472,
            477,
            473,
            468,
            462,
            461,
            453,
            445,
            454,
            446,
            455,
            447,
            437,
            427,
            438,
            428,
            416,
