{
    "problem_name": "Golden_11",
    "dimension": 400,
    "capacity": 1000,
    "best_cost": 1139.9342894092565,
    "vehicles_used": 18,
    "total_load": 16980,
    "execution_time_seconds": 224.67564797401428,
    "depot_index": 0,
    "routes": [
        [
            1,
            3,
            6,
            10,
            15,
            21,
            28,
            36
        ],
        [
            2,
            4
        ],
        [
            5,
            8,
            12,
            17,
            23,
            16,
            11
        ],
        [
            9,
            13,
            18,
            24,
            31,
            39,
            48,
            38,
            29,
            30
        ],
        [
            14,
            19,
            25,
            32,
            40,
            49,
            59,
            70,
            58,
            47,
            57,
            46,
            56
        ],
        [
            20,
            26,
            33,
            41,
            50,
            60,
            71,
            83,
            96,
            82,
            69,
            81,
            94,
            80,
            67,
            55
        ],
        [
            27,
            34,
            42,
            51,
            61,
            72,
            84,
            97,
            111,
            126,
            110,
            95,
            109,
            124,
            108,
            93,
            107,
            92
        ],
        [
            35,
            43,
            52,
            62,
            73,
            85,
            98,
            112,
            127,
            143,
            160,
            142,
            125,
            141,
            158,
            140,
            123,
            139,
            122,
            138,
            121
        ],
        [
            44,
            53,
            63,
            74,
            86,
            99,
            113,
            128,
            144,
            161,
            179,
            198,
            178,
            159,
            177,
            196,
            176,
            157,
            175,
            156,
            174,
            155,
            137
        ],
        [
            45,
            66,
            78,
            91,
            105,
            136,
            153,
            171,
            190,
            210,
            191,
            172,
            192,
            173,
            193,
            212,
            230,
            211,
            229,
            247,
            264,
            248,
            231,
            213,
            194,
            214,
            195,
            215,
            233,
            250,
            232,
            249,
            265,
            280,
            295,
            281,
            296
        ],
        [
            54,
            64,
            75,
            87,
            100,
            114,
            129,
            145,
            162,
            180,
            199,
            218,
            236,
            217,
            197,
            216,
            234,
            251,
            267,
            282,
            297,
            311,
            283,
            268,
            252,
            235
        ],
        [
            65,
            76,
            88,
            101,
            115,
            130,
            146,
            163,
            181,
            200,
            219,
            237,
            254,
            270,
            253,
            269,
            284,
            298,
            312,
            299,
            285,
            300,
            286,
            271,
            255,
            238,
            220
        ],
        [
            77,
            89,
            102,
            116,
            131,
            147,
            164,
            182,
            201,
            221,
            202,
            183,
            165,
            148,
            132,
            117,
            103,
            90,
            104,
            118,
            133,
            149,
            166,
            184,
            203,
            222,
            240
        ],
        [
            119,
            134,
            150,
            167,
            185,
            204,
            223,
            241,
            258,
            274,
            257,
            239,
            256,
            272,
            287,
            301,
            314,
            326,
            313,
            325,
            336,
            324,
            335,
            323,
            310,
            322,
            309,
            334,
            345,
            355,
            346,
            356,
            347,
            337,
            348
        ],
        [
            135,
            151,
            168,
            186,
            205,
            224,
            242,
            259,
            275,
            290,
            304,
            289,
            273,
            288,
            302,
            315,
            327,
            338,
            349,
            339,
            328,
            316,
            303,
            317,
            329,
            340,
            350,
            359,
            367,
            358,
            366,
            357,
            365
        ],
        [
            152,
            169,
            187,
            206,
            225,
            243,
            260,
            276,
            292,
            277,
            261,
            244,
            226,
            207,
            188,
            170,
            189,
            208,
            227,
            245,
            262,
            278,
            293,
            307,
            320,
            306,
            319,
            305,
            318,
            330,
            341,
            351,
            360,
            368,
            375,
            381,
            374,
            380,
            373
        ],
        [
            209,
            228,
            246,
            263,
            279,
            294,
            308,
            321,
            333,
            344,
            332,
            343,
            331,
            342,
            352,
            361,
            369,
            376,
            382,
            387,
            391,
            386,
            390,
            394,
            397,
            395,
            392,
            388,
            383,
            377,
            370,
            362,
            353,
            363,
            354,
            371,
            378,
            384,
            389
        ],
        [
            291,
            393,
            396,
            398,
            399,
            385,
            379,
            372,
            364,
            266,
            154,
            120,
            106,
            79,
            68,
            37,
            22,
            7
        ]
    ]
}