{
    "problem_name": "Golden_18",
    "dimension": 301,
    "capacity": 200,
    "best_cost": 1120.4334181227832,
    "vehicles_used": 27,
    "total_load": 5400,
    "execution_time_seconds": 70.54756879806519,
    "depot_index": 0,
    "routes": [
        [
            56,
            57,
            11,
            117,
            296,
            236,
            176,
            116,
            115,
            106,
            55,
            46
        ],
        [
            14,
            2,
            21,
            26,
            81,
            62,
            74,
            23,
            134,
            83,
            24,
            18,
            13
        ],
        [
            6,
            66,
            118,
            173,
            233,
            178,
            119,
            60,
            59,
            58,
            113,
            53
        ],
        [
            45,
            50,
            105,
            65,
            125,
            158,
            107,
            47,
            98,
            5,
            38
        ],
        [
            1,
            61,
            133,
            121,
            174,
            75,
            16,
            15,
            114,
            54
        ],
        [
            19,
            20,
            25,
            84,
            144,
            85,
            7,
            80,
            79,
            138,
            193,
            78,
            73
        ],
        [
            37,
            42,
            49,
            10,
            104,
            70,
            169,
            168,
            109,
            108,
            48
        ],
        [
            76,
            135,
            234,
            136,
            77,
            72,
            180,
            179,
            120,
            12,
            17
        ],
        [
            51,
            52,
            111,
            112,
            71,
            172,
            231,
            230,
            171,
            170,
            225,
            165,
            110
        ],
        [
            29,
            3,
            63,
            123,
            142,
            91,
            32,
            31,
            82,
            22
        ],
        [
            43,
            44,
            130,
            224,
            164,
            163,
            103,
            102,
            97,
            4,
            30
        ],
        [
            27,
            28,
            87,
            88,
            68,
            93,
            8,
            33,
            92,
            89,
            34
        ],
        [
            35,
            95,
            155,
            156,
            216,
            276,
            129,
            161,
            69,
            96,
            36
        ],
        [
            90,
            39,
            40,
            41,
            9,
            215,
            275,
            274,
            269,
            214,
            209,
            154,
            149,
            94
        ],
        [
            166,
            175,
            226,
            235,
            286,
            246,
            298,
            238,
            293,
            186,
            126
        ],
        [
            167,
            218,
            278,
            227,
            228,
            229,
            288,
            287,
            245,
            290,
            285,
            185
        ],
        [
            139,
            145,
            140,
            198,
            253,
            241,
            294,
            195,
            255,
            196,
            132,
            137
        ],
        [
            100,
            101,
            221,
            220,
            160,
            159,
            210,
            124,
            150,
            99,
            64
        ],
        [
            177,
            131,
            232,
            291,
            292,
            251,
            297,
            191,
            237,
            295
        ],
        [
            86,
            141,
            122,
            143,
            194,
            182,
            201,
            146,
            147,
            148,
            153,
            152
        ],
        [
            151,
            202,
            262,
            211,
            212,
            213,
            208,
            273,
            272,
            271,
            243,
            183
        ],
        [
            203,
            254,
            263,
            204,
            205,
            265,
            187,
            200,
            127,
            67
        ],
        [
            189,
            249,
            281,
            280,
            279,
            219,
            270,
            184,
            217,
            157
        ],
        [
            128,
            188,
            248,
            268,
            267,
            266,
            207,
            206,
            261
        ],
        [
            242,
            264,
            247,
            260,
            259,
            258,
            199,
            181
        ],
        [
            197,
            256,
            257,
            252,
            300,
            192,
            299,
            240,
            239,
            222,
            162
        ],
        [
            223,
            190,
            289,
            250,
            284,
            283,
            282,
            244,
            277
        ]
    ]
}