{
    "problem_name": "Golden_7",
    "dimension": 361,
    "capacity": 900,
    "best_cost": 11575.789681904542,
    "vehicles_used": 8,
    "total_load": 7200,
    "execution_time_seconds": 339.58457827568054,
    "depot_index": 0,
    "routes": [
        [
            5,
            6,
            7,
            8,
            9,
            10,
            11,
            12,
            14,
            15,
            16,
            17,
            18,
            19,
            20,
            21,
            22,
            23,
            24,
            25,
            26,
            27,
            28,
            29,
            30,
            31,
            32,
            33,
            34,
            35,
            36,
            1,
            2,
            3,
            4,
            40,
            41,
            42,
            43,
            44,
            45,
            46,
            47,
            48,
            49,
            13
        ],
        [
            51,
            50,
            86,
            87,
            88,
            89,
            90,
            91,
            92,
            93,
            94,
            95,
            96,
            97,
            98,
            99,
            100,
            101,
            102,
            103,
            104,
            105,
            106,
            107,
            108,
            73,
            74,
            75,
            76,
            77,
            78,
            79,
            80,
            81,
            82,
            83,
            84,
            85,
            121,
            122,
            123,
            124,
            160,
            161,
            125,
            52
        ],
        [
            58,
            59,
            60,
            61,
            62,
            63,
            64,
            65,
            66,
            67,
            68,
            69,
            70,
            71,
            72,
            37,
            38,
            39,
            111,
            110,
            109,
            144,
            143,
            142,
            141,
            140,
            139,
            138,
            137,
            136,
            135,
            134,
            133,
            132,
            131,
            130,
            129,
            128,
            127,
            163,
            162,
            126
        ],
        [
            53,
            54,
            55,
            56,
            57,
            166,
            165,
            164,
            200,
            236,
            272,
            308,
            344,
            345,
            309,
            273,
            237,
            201,
            202,
            238,
            274,
            310,
            346,
            347,
            311,
            275,
            239,
            203,
            167,
            168,
            169,
            170,
            171,
            172,
            173,
            174,
            175,
            176,
            177,
            178,
            179,
            180,
            145,
            146,
            147,
            148
        ],
        [
            112,
            113,
            114,
            115,
            117,
            118,
            119,
            120,
            156,
            155,
            154,
            153,
            151,
            150,
            149,
            185,
            221,
            257,
            293,
            329,
            330,
            294,
            258,
            222,
            186,
            187,
            223,
            259,
            295,
            331,
            332,
            296,
            260,
            224,
            225,
            261,
            297,
            333,
            334,
            298,
            262,
            226,
            189,
            188,
            152,
            116
        ],
        [
            157,
            158,
            159,
            195,
            231,
            267,
            303,
            339,
            338,
            302,
            266,
            230,
            194,
            193,
            229,
            265,
            301,
            337,
            336,
            300,
            264,
            228,
            192,
            191,
            227,
            263,
            299,
            335,
            190,
            184,
            220,
            256,
            292,
            328,
            327,
            291,
            255,
            219,
            183,
            182,
            217,
            181
        ],
        [
            207,
            243,
            279,
            315,
            351,
            352,
            316,
            280,
            244,
            208,
            209,
            245,
            281,
            317,
            353,
            354,
            318,
            282,
            246,
            210,
            211,
            247,
            283,
            319,
            355,
            356,
            320,
            284,
            248,
            212,
            213,
            249,
            285,
            321,
            357,
            358,
            322,
            286,
            250,
            287,
            288,
            251,
            215,
            214
        ],
        [
            216,
            252,
            253,
            289,
            324,
            323,
            359,
            360,
            325,
            326,
            290,
            254,
            218,
            206,
            242,
            278,
            314,
            350,
            349,
            313,
            277,
            241,
            205,
            204,
            240,
            276,
            312,
            348,
            199,
            235,
            271,
            307,
            343,
            342,
            306,
            270,
            234,
            198,
            197,
            233,
            269,
            305,
            341,
            340,
            304,
            268,
            232,
            196
        ]
    ]
}