{
    "problem_name": "Golden_10",
    "dimension": 324,
    "capacity": 1000,
    "best_cost": 917.6508964783094,
    "vehicles_used": 16,
    "total_load": 15195,
    "execution_time_seconds": 851.0628435611725,
    "depot_index": 0,
    "routes": [
        [
            1,
            3,
            6,
            10,
            47,
            16,
            11
        ],
        [
            2,
            5,
            19,
            25,
            13,
            8
        ],
        [
            4,
            18,
            32,
            40,
            12,
            7
        ],
        [
            15,
            21,
            28,
            36,
            46,
            56,
            67,
            79,
            66,
            78,
            91,
            105,
            120,
            136,
            153,
            171,
            154,
            172,
            155,
            138,
            156,
            174,
            191,
            175,
            192,
            193
        ],
        [
            9,
            14,
            20,
            27,
            35,
            44,
            54,
            65,
            77,
            90,
            104,
            119,
            135,
            152,
            169,
            151,
            168,
            150,
            133,
            117,
            102
        ],
        [
            17,
            23,
            30,
            57,
            68,
            80,
            94,
            69,
            58,
            48,
            39,
            31,
            24
        ],
        [
            41,
            61,
            72,
            84,
            97,
            111,
            126,
            143,
            210,
            144,
            128,
            127,
            112,
            85,
            73,
            62,
            51
        ],
        [
            22,
            29,
            37,
            93,
            106,
            121,
            137,
            122,
            107,
            108,
            109,
            81,
            82,
            95,
            110,
            96,
            83,
            70,
            59,
            38
        ],
        [
            50,
            129,
            163,
            146,
            130,
            147,
            164,
            182,
            198,
            214,
            228,
            241,
            180,
            162,
            145,
            113,
            98,
            71,
            60,
            49
        ],
        [
            26,
            34,
            63,
            74,
            100,
            115,
            131,
            148,
            183,
            200,
            216,
            231,
            215,
            199,
            165,
            114,
            99,
            86,
            52,
            42,
            33
        ],
        [
            43,
            53,
            64,
            75,
            88,
            76,
            89,
            103,
            118,
            134,
            170,
            187,
            203,
            186,
            202,
            218,
            232,
            217,
            185,
            201,
            230,
            244,
            245,
            257,
            268,
            256,
            278,
            287,
            295,
            302,
            294
        ],
        [
            87,
            101,
            116,
            132,
            149,
            167,
            184,
            166,
            307,
            312,
            300,
            292,
            283,
            291,
            299,
            306,
            311,
            315,
            318,
            314,
            310,
            305,
            298,
            304,
            297,
            290,
            282,
            273,
            262,
            250,
            249,
            237
        ],
        [
            45,
            55,
            92,
            123,
            139,
            157,
            140,
            158,
            124,
            141,
            159,
            177,
            194,
            209,
            224,
            238,
            225,
            239,
            226,
            227,
            213,
            181,
            197,
            196,
            195,
            179
        ],
        [
            125,
            142,
            176,
            208,
            223,
            236,
            248,
            260,
            261,
            272,
            281,
            271,
            289,
            296,
            303,
            309,
            321,
            323,
            322,
            319,
            316,
            320,
            317,
            313,
            308,
            301,
            293,
            285,
            286,
            277,
            266,
            276,
            265,
            254
        ],
        [
            161,
            160,
            178,
            211,
            212,
            240,
            253,
            242,
            229,
            243,
            267,
            255,
            275,
            284,
            274,
            264,
            252,
            263,
            280,
            288,
            279,
            270,
            259,
            269,
            258,
            246,
            234,
            219,
            205,
            190,
            206,
            221
        ],
        [
            173,
            189,
            188,
            204,
            233,
            220,
            247,
            235,
            207,
            222,
            251
        ]
    ]
}