{
    "problem_name": "Golden_19",
    "dimension": 361,
    "capacity": 200,
    "best_cost": 1568.3236839521876,
    "vehicles_used": 33,
    "total_load": 6480,
    "execution_time_seconds": 951.6594154834747,
    "depot_index": 0,
    "routes": [
        [
            14,
            23,
            74,
            62,
            141,
            201,
            146,
            86,
            27,
            26,
            81,
            2,
            21
        ],
        [
            22,
            3,
            29,
            34,
            89,
            63,
            82,
            31,
            32,
            33,
            28,
            87
        ],
        [
            37,
            4,
            30,
            39,
            90,
            64,
            97,
            42,
            43,
            44,
            49,
            108
        ],
        [
            13,
            18,
            19,
            78,
            138,
            193,
            133,
            73,
            61,
            114,
            15,
            1,
            54
        ],
        [
            66,
            118,
            173,
            233,
            178,
            120,
            12,
            60,
            119,
            59,
            58,
            113
        ],
        [
            24,
            25,
            144,
            145,
            140,
            67,
            85,
            7,
            80,
            79,
            20
        ],
        [
            38,
            47,
            98,
            65,
            165,
            225,
            170,
            110,
            51,
            50,
            105,
            5,
            45
        ],
        [
            16,
            135,
            234,
            181,
            136,
            195,
            294,
            354,
            196,
            137,
            77,
            76,
            17
        ],
        [
            46,
            55,
            56,
            116,
            117,
            176,
            235,
            226,
            175,
            166,
            115,
            106,
            6,
            53
        ],
        [
            52,
            111,
            11,
            112,
            171,
            230,
            285,
            245,
            278,
            227,
            168
        ],
        [
            48,
            107,
            158,
            167,
            169,
            228,
            287,
            338,
            345,
            185,
            218,
            125
        ],
        [
            9,
            101,
            160,
            219,
            270,
            244,
            330,
            304,
            337,
            282
        ],
        [
            100,
            41,
            36,
            183,
            202,
            151,
            91,
            142,
            123,
            149,
            94,
            35
        ],
        [
            40,
            159,
            210,
            184,
            217,
            162,
            103,
            102,
            157,
            124,
            150,
            99
        ],
        [
            57,
            237,
            297,
            251,
            191,
            131,
            172,
            71
        ],
        [
            163,
            222,
            277,
            223,
            224,
            288,
            229,
            130,
            164,
            70,
            104
        ],
        [
            177,
            236,
            295,
            355,
            356,
            357,
            311,
            352,
            351,
            292,
            350,
            291,
            232
        ],
        [
            241,
            253,
            198,
            200,
            265,
            324,
            323,
            264,
            205,
            127,
            139
        ],
        [
            95,
            96,
            155,
            214,
            269,
            243,
            262,
            211,
            152,
            93,
            8
        ],
        [
            92,
            68,
            153,
            212,
            213,
            208,
            128,
            148,
            207,
            206,
            261
        ],
        [
            84,
            204,
            263,
            314,
            242,
            254,
            203,
            182,
            194,
            143,
            134,
            83
        ],
        [
            186,
            238,
            293,
            246,
            286,
            346,
            306,
            353,
            298,
            239
        ],
        [
            122,
            88,
            147,
            266,
            321,
            302,
            326,
            267,
            268,
            273,
            332
        ],
        [
            10,
            190,
            284,
            343,
            344,
            310,
            349,
            348,
            109
        ],
        [
            231,
            290,
            305,
            347,
            289,
            250,
            283,
            342,
            339,
            280,
            221
        ],
        [
            189,
            281,
            340,
            249,
            341,
            309,
            336,
            335,
            276
        ],
        [
            121,
            199,
            258,
            313,
            259,
            318,
            301,
            315,
            256,
            174,
            75
        ],
        [
            126,
            358,
            359,
            300,
            299,
            240,
            132,
            180,
            72
        ],
        [
            179,
            192,
            252,
            360,
            312,
            317,
            316,
            257,
            197
        ],
        [
            69,
            161,
            220,
            279,
            129,
            216,
            275,
            334,
            329,
            274,
            215
        ],
        [
            154,
            209,
            272,
            248,
            333,
            308,
            328,
            327,
            188
        ],
        [
            187,
            260,
            247,
            325,
            307,
            320,
            319,
            255,
            296
        ],
        [
            271,
            322,
            331,
            303,
            156
        ]
    ]
}