{
    "problem_name": "Golden_4",
    "dimension": 481,
    "capacity": 1000,
    "best_cost": 15954.538661357743,
    "vehicles_used": 10,
    "total_load": 9600,
    "execution_time_seconds": 45.48563599586487,
    "depot_index": 0,
    "routes": [
        [
            2,
            1,
            40,
            39,
            38,
            37,
            36,
            35,
            73,
            75,
            76,
            77,
            78,
            79,
            80,
            41,
            42,
            43,
            3,
            4,
            5,
            6,
            7,
            8,
            9,
            10,
            11,
            12,
            13,
            14,
            15,
            16,
            17,
            18,
            19,
            20,
            21,
            22,
            23,
            24,
            25,
            26,
            27,
            28,
            29,
            30,
            31,
            32,
            33,
            34
        ],
        [
            45,
            46,
            47,
            48,
            49,
            50,
            51,
            93,
            133,
            92,
            91,
            90,
            89,
            88,
            87,
            86,
            85,
            84,
            83,
            82,
            81,
            120,
            119,
            118,
            117,
            116,
            115,
            114,
            74,
            72,
            71,
            70,
            69,
            68,
            67,
            66,
            65,
            64,
            63,
            62,
            61,
            60,
            59,
            58,
            57,
            56,
            55,
            54,
            53,
            52
        ],
        [
            44,
            124,
            125,
            126,
            127,
            128,
            129,
            130,
            131,
            171,
            170,
            169,
            168,
            167,
            166,
            165,
            164,
            163,
            162,
            161,
            200,
            199,
            198,
            197,
            196,
            195,
            194,
            193,
            192,
            191,
            190,
            189,
            188,
            187,
            186,
            185,
            184,
            183,
            182,
            181,
            180,
            179,
            178,
            177,
            176,
            175,
            174,
            213,
            212,
            172,
            173,
            132
        ],
        [
            96,
            95,
            94,
            134,
            135,
            136,
            137,
            138,
            139,
            140,
            141,
            142,
            143,
            144,
            145,
            146,
            147,
            148,
            149,
            150,
            151,
            152,
            153,
            154,
            155,
            156,
            157,
            158,
            159,
            160,
            121,
            122,
            123,
            203,
            204,
            205,
            206,
            207,
            208,
            209,
            371,
            331,
            291,
            251,
            211,
            210
        ],
        [
            106,
            105,
            104,
            103,
            102,
            101,
            100,
            99,
            98,
            97,
            217,
            218,
            219,
            220,
            221,
            222,
            223,
            224,
            225,
            226,
            227,
            228,
            229,
            230,
            231,
            232,
            233,
            234,
            235,
            236,
            237,
            238,
            239,
            280,
            320,
            360,
            400,
            241,
            281,
            321,
            361,
            401,
            441,
            442,
            402,
            362,
            322,
            282,
            242,
            202,
            201,
            240
        ],
        [
            113,
            112,
            111,
            110,
            109,
            108,
            107,
            267,
            307,
            347,
            387,
            427,
            467,
            466,
            426,
            386,
            346,
            306,
            266,
            265,
            305,
            345,
            385,
            425,
            465,
            464,
            424,
            384,
            344,
            304,
            264,
            263,
            303,
            343,
            383,
            423,
            463,
            462,
            422,
            382,
            342,
            341,
            301,
            302,
            262,
            261
        ],
        [
            216,
            215,
            214,
            254,
            294,
            334,
            374,
            414,
            454,
            455,
            415,
            375,
            335,
            295,
            255,
            256,
            296,
            336,
            376,
            416,
            456,
            457,
            417,
            377,
            337,
            297,
            257,
            258,
            298,
            338,
            378,
            418,
            458,
            459,
            419,
            379,
            339,
            299,
            380,
            420,
            460,
            461,
            421,
            381,
            340,
            300,
            260,
            259
        ],
        [
            246,
            286,
            326,
            366,
            406,
            446,
            445,
            405,
            365,
            325,
            285,
            245,
            244,
            284,
            324,
            364,
            404,
            444,
            443,
            403,
            363,
            323,
            283,
            243,
            279,
            319,
            359,
            399,
            439,
            479,
            478,
            438,
            398,
            358,
            318,
            278,
            277,
            317,
            357,
            397,
            437,
            477,
            476,
            436,
            396,
            356,
            316,
            276,
            275,
            273
        ],
        [
            268,
            308,
            348,
            388,
            428,
            468,
            469,
            429,
            389,
            349,
            309,
            269,
            270,
            310,
            350,
            390,
            430,
            470,
            471,
            431,
            391,
            351,
            311,
            271,
            272,
            312,
            352,
            392,
            432,
            472,
            473,
            433,
            393,
            353,
            313,
            314,
            354,
            394,
            434,
            474,
            475,
            435,
            395,
            355,
            315,
            274,
            440,
            480,
            287,
            247
        ],
        [
            252,
            292,
            332,
            372,
            290,
            250,
            289,
