{
    "problem_name": "Golden_13",
    "dimension": 253,
    "capacity": 1000,
    "best_cost": 1930.5802121068068,
    "vehicles_used": 27,
    "total_load": 25136,
    "execution_time_seconds": 69.12721633911133,
    "depot_index": 0,
    "routes": [
        [
            11,
            59,
            16,
            4
        ],
        [
            22,
            21,
            3,
            2
        ],
        [
            9,
            118,
            116,
            219,
            162,
            161,
            113,
            109,
            107,
            106
        ],
        [
            48,
            120,
            123,
            173,
            233,
            238,
            240,
            241,
            141,
            64,
            200,
            71
        ],
        [
            24,
            5,
            43,
            210,
            209,
            154,
            17
        ],
        [
            35,
            138,
            248,
            242,
            127,
            177,
            235,
            234,
            232,
            125,
            122,
            166
        ],
        [
            26,
            121,
            19,
            33,
            249,
            247,
            244,
            137,
            58
        ],
        [
            80,
            172,
            126,
            85,
            54,
            56,
            93,
            189,
            34
        ],
        [
            15,
            66,
            14,
            140,
            136,
            30,
            178,
            128
        ],
        [
            100,
            144,
            57,
            239,
            131,
            88,
            83,
            168,
            223,
            160,
            46
        ],
        [
            12,
            31,
            142,
            103,
            69,
            213,
            217,
            79
        ],
        [
            52,
            175,
            174,
            228,
            222,
            211,
            208,
            40,
            61,
            94,
            60
        ],
        [
            231,
            230,
            229,
            170,
            225,
            114,
            112,
            20,
            41,
            18
        ],
        [
            98,
            92,
            185,
            183,
            133,
            55,
            236,
            169,
            165,
            218,
            163,
            76
        ],
        [
            99,
            153,
            212,
            216,
            119,
            124,
            86,
            87,
            130,
            181,
            184,
            132
        ],
        [
            68,
            151,
            150,
            204,
            202,
            147,
            104,
            95,
            245,
            182,
            179,
            49
        ],
        [
            28,
            186,
            188,
            252,
            96,
            36,
            65,
            101,
            149,
            206,
            152
        ],
        [
            13,
            146,
            108,
            157,
            158,
            74,
            220,
            167,
            81,
            23
        ],
        [
            10,
            192,
            197,
            145,
            102,
            205,
            37,
            39,
            70
        ],
        [
            1,
            29,
            89,
            51,
            47,
            78
        ],
        [
            53,
            50,
            8,
            7,
            45
        ],
        [
            27,
            90,
            187,
            67,
            42,
            159,
            75,
            117,
            44
        ],
        [
            91,
            134,
            243,
            135,
            250,
            193,
            63,
            207,
            156,
            110,
            73,
            77
        ],
        [
            129,
            180,
            237,
            176,
            84,
            171,
            227,
            226,
            224,
            221,
            164,
            115
        ],
        [
            62,
            97,
            251,
            194,
            198,
            38,
            6,
            25
        ],
        [
            32,
            139,
            191,
            143,
            196,
            148,
            155,
            214,
            215,
            111,
            72,
            82
        ],
        [
            246,
            190,
            195,
            199,
            201,
            203,
            105
        ]
    ]
}