{
    "problem_name": "Golden_12",
    "dimension": 484,
    "capacity": 1000,
    "best_cost": 1362.4193384533273,
    "vehicles_used": 19,
    "total_load": 18701,
    "execution_time_seconds": 1826.1371066570282,
    "depot_index": 0,
    "routes": [
        [
            2,
            5,
            8,
            13,
            18,
            49
        ],
        [
            1,
            3,
            6,
            10,
            47,
            16,
            11
        ],
        [
            4,
            12,
            17,
            31,
            23,
            7
        ],
        [
            40,
            60,
            72,
            61,
            73,
            113,
            129,
            114,
            99,
            86,
            100,
            115,
            101,
            87,
            74,
            62,
            50
        ],
        [
            9,
            14,
            20,
            27,
            35,
            44,
            54,
            65,
            77,
            90,
            104,
            119,
            135,
            152,
            169,
            26,
            19
        ],
        [
            28,
            36,
            45,
            55,
            66,
            78,
            91,
            105,
            120,
            136,
            154,
            173,
            192,
            172,
            191,
            212,
            233,
            254,
            274,
            294,
            313,
            295,
            276,
            296,
            315,
            297,
            278,
            258,
            279,
            259,
            280,
            300,
            281,
            260
        ],
        [
            24,
            32,
            41,
            51,
            52,
            63,
            88,
            76,
            64,
            53,
            43,
            42,
            33,
            25
        ],
        [
            29,
            37,
            46,
            56,
            67,
            80,
            79,
            92,
            106,
            121,
            138,
            122,
            139,
            157,
            123,
            107,
            93,
            108,
            124,
            109,
            94,
            81,
            68,
            57
        ],
        [
            59,
            70,
            144,
            128,
            145,
            162,
            180,
            199,
            353,
            161,
            143,
            160,
            178,
            159,
            142,
            125,
            110,
            95,
            82,
            69,
            58
        ],
        [
            15,
            21,
            174,
            193,
            213,
            234,
            255,
            256,
            277,
            257,
            235,
            214,
            194,
            215,
            195,
            176,
            158,
            141,
            48,
            38,
            39,
            30,
            22
        ],
        [
            34,
            89,
            103,
            117,
            132,
            149,
            166,
            184,
            203,
            223,
            245,
            267,
            288,
            307,
            287,
            266,
            286,
            265,
            243,
            222,
            202,
            182,
            163,
            146,
            164,
            183,
            165,
            147
        ],
        [
            102,
            167,
            185,
            205,
            226,
            248,
            270,
            249,
            271,
            292,
            272,
            250,
            229,
            251,
            230,
            252,
            273,
            293,
            312,
            330,
            347,
            329,
            311,
            291,
            310,
            328,
            309,
            289,
            290,
            269,
            247,
            225,
            268,
            246,
            224,
            204,
            148,
            131,
            116
        ],
        [
            85,
            98,
            112,
            127,
            364,
            348,
            331,
            275,
            232,
            253,
            231,
            210,
            190,
            171,
            153,
            137,
            155,
            156,
            175,
            140,
            111,
            96,
            83,
            97,
            84,
            71
        ],
        [
            130,
            181,
            242,
            323,
            341,
            358,
            374,
            389,
            403,
            416,
            428,
            438,
            427,
            437,
            447,
            455,
            446,
            454,
            461,
            444,
            452,
            443,
            459,
            466,
            465,
            451,
            458,
            457,
            450,
            442,
            433,
            357,
            304,
            284,
            263,
            220,
            200
        ],
        [
            118,
            133,
            150,
            134,
            151,
            168,
            186,
            206,
            187,
            207,
            227,
            228,
            208,
            188,
            170,
            189,
            209,
            363,
            378,
            392,
            377,
            391,
            376,
            361,
            344,
            359,
            342,
            325,
            306,
            324,
            305,
            285,
            264,
            244,
            221,
            201
        ],
        [
            211,
            365,
            379,
            393,
            380,
            406,
            418,
            429,
            439,
            394,
            381,
            366,
            350,
            333,
            316,
            298,
            317,
            299,
            335,
            352,
            368,
            383,
            397,
            384,
            370,
            385,
            371,
            386,
            372,
            356,
            340,
            322,
            339,
            355,
            354,
            338,
            321,
            303
        ],
        [
            126,
            218,
            240,
            262,
            283,
            302,
            425,
            435,
            434,
            423,
            411,
            398,
            410,
            422,
            432,
            421,
            409,
            396,
            382,
            367,
            351,
            334,
            318,
            336,
            319,
            282,
            261,
            239,
            217,
            238,
            237,
            216,
            196,
            177
        ],
        [
            179,
            198,
            219,
            241,
            301,
            320,
            337,
            369,
            395,
            407,
            419,
            430,
            420,
            431,
            441,
            449,
            440,
            448,
            456,
            463,
            469,
            464,
            470,
            474,
            478,
            481,
            483,
            482,
            479,
            476,
            480,
            472,
            467,
            460,
