{
    "problem_name": "Golden_2",
    "dimension": 321,
    "capacity": 700,
    "best_cost": 9356.45908417813,
    "vehicles_used": 10,
    "total_load": 6400,
    "execution_time_seconds": 289.61863923072815,
    "depot_index": 0,
    "routes": [
        [
            29,
            28,
            27,
            26,
            25,
            24,
            64,
            63,
            23,
            22,
            21,
            20,
            19,
            18,
            17,
            16,
            15,
            14,
            13,
            12,
            11,
            10,
            9,
            8,
            7,
            6,
            5,
            4,
            3,
            2,
            1,
            40,
            39,
            38,
            37,
            36
        ],
        [
            32,
            33,
            34,
            35,
            75,
            76,
            77,
            78,
            79,
            80,
            41,
            42,
            43,
            44,
            45,
            46,
            86,
            47,
            48,
            49,
            50,
            51,
            52,
            53,
            54,
            55,
            56,
            57,
            58,
            59,
            60,
            61,
            103,
            62
        ],
        [
            85,
            84,
            83,
            82,
            81,
            120,
            119,
            118,
            159,
            158,
            198,
            197,
            157,
            156,
            117,
            116,
            115,
            114,
            113,
            112,
            111,
            110,
            65,
            66,
            67,
            68,
            69,
            70,
            71,
            72,
            73,
            74,
            31,
            30
        ],
        [
            87,
            88,
            89,
            90,
            91,
            92,
            93,
            94,
            95,
            135,
            136,
            137,
            138,
            139,
            140,
            141,
            142,
            143,
            144,
            145,
            146,
            147,
            148,
            109,
            108,
            107,
            106,
            105,
            104,
            102,
            101,
            100,
            99,
            98,
            97,
            96
        ],
        [
            126,
            127,
            128,
            129,
            130,
            131,
            132,
            133,
            134,
            174,
            175,
            176,
            177,
            178,
            179,
            180,
            181,
            221,
            222,
            182,
            183,
            184,
            185,
            186,
            187,
            188,
            189,
            149,
            150,
            151,
            152,
            153,
            154,
            155
        ],
        [
            173,
            172,
            171,
            170,
            169,
            208,
            207,
            206,
            205,
            204,
            203,
            202,
            201,
            240,
            239,
            279,
            278,
            277,
            237,
            238,
            199,
            200,
            161,
            162,
            163,
            164,
            165,
            166,
            167,
            168,
            125,
            124,
            123,
            122,
            121,
            160
        ],
        [
            220,
            219,
            259,
            299,
            298,
            258,
            218,
            217,
            257,
            297,
            296,
            256,
            216,
            215,
            255,
            295,
            294,
            254,
            214,
            213,
            212,
            253,
            293,
            292,
            252,
            291,
            251,
            211,
            210,
            250,
            290,
            289,
            249,
            209
        ],
        [
            260,
            300,
            301,
            261,
            262,
            302,
            303,
            263,
            223,
            224,
            264,
            304,
            305,
            265,
            225,
            226,
            266,
            306,
            307,
            267,
            227,
            228,
            268,
            308,
            309,
            269,
            229,
            230,
            231,
            190,
            191,
            192,
            193,
            194,
            195,
            196
        ],
        [
            232,
            272,
            312,
            313,
            273,
            233,
            234,
            274,
            314,
            315,
            275,
            235,
            236,
            276,
            316,
            317,
            318,
            319,
            280,
            320,
            281,
            241,
            242,
            282,
            283,
            243,
            284,
            244,
            245,
            285,
            286,
            246,
            247,
            287,
            288,
            248
        ],
        [
            271,
            311,
            310,
            270
        ]
    ]
}