{
    "problem_name": "Golden_6",
    "dimension": 281,
    "capacity": 900,
    "best_cost": 9385.074486382011,
    "vehicles_used": 7,
    "total_load": 5600,
    "execution_time_seconds": 685.0046484470367,
    "depot_index": 0,
    "routes": [
        [
            26,
            25,
            24,
            23,
            22,
            21,
            20,
            19,
            18,
            17,
            16,
            15,
            14,
            40,
            41,
            42,
            43,
            44,
            45,
            46,
            47,
            48,
            49,
            50,
            51,
            52,
            53,
            54,
            55,
            56,
            29,
            27,
            28,
            1,
            2,
            3,
            4,
            5,
            6,
            7,
            8,
            9,
            10,
            11,
            12,
            13
        ],
        [
            39,
            38,
            37,
            36,
            35,
            64,
            65,
            66,
            67,
            68,
            69,
            70,
            71,
            72,
            73,
            74,
            75,
            76,
            77,
            78,
            79,
            80,
            81,
            82,
            83,
            84,
            57,
            85,
            86,
            87,
            88,
            173,
            145,
            117,
            89,
            63,
            62,
            61,
            60,
            59,
            58,
            30,
            31,
            32,
            33,
            34
        ],
        [
            98,
            126,
            154,
            182,
            210,
            238,
            266,
            265,
            237,
            209,
            181,
            153,
            125,
            97,
            96,
            124,
            152,
            180,
            208,
            236,
            264,
            263,
            235,
            207,
            179,
            151,
            123,
            95,
            94,
            122,
            150,
            178,
            206,
            234,
            262,
            261,
            233,
            205,
            177,
            149,
            121,
            120,
            147,
            119
        ],
        [
            93,
            92,
            91,
            90,
            118,
            146,
            148,
            176,
            204,
            232,
            260,
            259,
            231,
            203,
            175,
            174,
            202,
            230,
            258,
            201,
            229,
            257,
            256,
            228,
            200,
            172,
            144,
            116,
            115,
            143,
            171,
            199,
            227,
            255,
            254,
            226,
            198,
            170,
            142,
            114,
            141,
            113
        ],
        [
            103,
            102,
            101,
            100,
            99,
            127,
            155,
            183,
            211,
            239,
            267,
            268,
            240,
            212,
            184,
            156,
            128,
            129,
            157,
            185,
            213,
            241,
            269,
            270,
            242,
            214,
            186,
            158,
            130,
            131,
            159,
            187,
            215,
            243,
            271,
            272,
            244,
            216,
            245,
            217,
            189,
            188,
            160,
            161,
            133,
            105,
            132,
            104
        ],
        [
            111,
            223,
            251,
            279,
            278,
            250,
            222,
            194,
            166,
            138,
            137,
            165,
            193,
            221,
            249,
            277,
            276,
            248,
            220,
            192,
            164,
            136,
            135,
            163,
            191,
            219,
            247,
            275,
            274,
            273,
            246,
            218,
            190,
            162,
            134,
            106,
            107,
            108,
            109,
            110
        ],
        [
            112,
            140,
            168,
            169,
            197,
            225,
            253,
            280,
            252,
            224,
            196,
            195,
            167,
            139
        ]
    ]
}