{
    "problem_name": "Golden_2",
    "dimension": 321,
    "capacity": 700,
    "best_cost": 15833.035958180182,
    "vehicles_used": 10,
    "total_load": 6400,
    "execution_time_seconds": 1247.0019855499268,
    "depot_index": 0,
    "routes": [
        [
            16,
            54,
            131,
            171,
            135,
            58,
            59,
            178,
            299,
            262,
            182,
            186,
            226,
            267,
            227,
            228,
            230,
            311,
            312,
            313,
            273,
            235,
            194,
            192,
            69,
            78,
            43,
            2
        ],
        [
            10,
            90,
            127,
            165,
            246,
            207,
            248,
            208,
            172,
            213,
            136,
            97,
            60,
            63,
            103,
            105,
            145,
            264,
            265,
            268,
            149,
            152,
            272,
            314,
            274,
            277,
            278,
            115,
            116,
            117,
            119,
            80,
            36,
            35,
            31,
            30,
            26
        ],
        [
            5,
            46,
            8,
            11,
            12,
            18,
            102,
            217,
            297,
            256,
            255,
            295,
            293,
            252,
            291,
            251,
            211,
            210,
            209,
            286,
            245,
            205,
            164,
            284,
            283,
            282,
            319,
            201,
            121,
            81,
            120,
            79,
            39,
            74,
            29,
            28
        ],
        [
            112,
            114,
            156,
            158,
            237,
            276,
            316,
            280,
            281,
            285,
            204,
            203,
            163,
            125,
            126,
            168,
            287,
            288,
            289,
            249,
            250,
            290,
            292,
            253,
            254,
            294,
            296,
            298,
            258,
            259,
            260,
            220,
            142,
            65,
            24,
            19,
            49,
            3
        ],
        [
            21,
            20,
            17,
            55,
            61,
            144,
            184,
            302,
            301,
            300,
            261,
            221,
            180,
            219,
            218,
            179,
            141,
            98,
            134,
            173,
            93,
            89,
            129,
            169,
            128,
            124,
            162,
            161,
            320,
            279,
            236,
            196,
            195,
            155,
            154,
            193,
            113,
            71,
            70,
            68,
            32,
            37
        ],
        [
            38,
            40,
            82,
            47,
            7,
            9,
            50,
            51,
            53,
            94,
            176,
            175,
            214,
            212,
            170,
            167,
            247,
            206,
            244,
            242,
            240,
            160,
            159,
            157,
            153,
            188,
            183,
            140,
            56,
            57,
            64,
            67,
            27
        ],
        [
            1,
            6,
            48,
            45,
            41,
            118,
            275,
            271,
            231,
            151,
            150,
            187,
            147,
            110,
            109,
            108,
            106,
            66,
            25,
            23,
            62,
            100,
            99,
            181,
            222,
            257,
            216,
            92,
            91,
            52,
            14,
            15
        ],
        [
            4,
            44,
            42,
            83,
            84,
            87,
            166,
            123,
            243,
            241,
            239,
            238,
            318,
            234,
            310,
            270,
            229,
            189,
            148,
            107,
            225,
            305,
            304,
            303,
            263,
            223,
            224,
            101,
            139,
            138,
            177,
            137,
            96
        ],
        [
            33,
            77,
            76,
            75,
            73,
            72,
            111,
            104,
            143,
            146,
            185,
            266,
            306,
            307,
            308,
            309,
            269,
            190,
            191,
            232,
            233,
            315,
            317,
            197,
            198,
            199,
            200,
            202,
            122,
            85,
            86,
            88,
            132,
            133,
            13,
            22
        ],
        [
            34,
            130,
            174,
            215,
            95
        ]
    ]
}