{
    "problem_name": "Golden_11",
    "dimension": 400,
    "capacity": 1000,
    "best_cost": 1848.0616324096864,
    "vehicles_used": 18,
    "total_load": 16980,
    "execution_time_seconds": 876.7000987529755,
    "depot_index": 0,
    "routes": [
        [
            52,
            89,
            135,
            151,
            168,
            227,
            263,
            279,
            262,
            308,
            352,
            375,
            387,
            394,
            386,
            373,
            364,
            347,
            312,
            283,
            281,
            280,
            264,
            248,
            247,
            229,
            210,
            190,
            153,
            213,
            200,
            220,
            163,
            59
        ],
        [
            26,
            42,
            99,
            44,
            103,
            118,
            104,
            188,
            206,
            225,
            244,
            277,
            294,
            321,
            344,
            331,
            368,
            382,
            309,
            230,
            191,
            154,
            121,
            252,
            218,
            128,
            82,
            58
        ],
        [
            18,
            33,
            147,
            116,
            187,
            223,
            240,
            257,
            306,
            332,
            343,
            354,
            362,
            341,
            360,
            269,
            217,
            234,
            157,
            107,
            80,
            47,
            28,
            22
        ],
        [
            56,
            78,
            155,
            173,
            172,
            192,
            212,
            139,
            176,
            159,
            125,
            126,
            111,
            84,
            161,
            237,
            324,
            336,
            346,
            372,
            287,
            256,
            273,
            289,
            304,
            291,
            278,
            170,
            165
        ],
        [
            8,
            51,
            115,
            146,
            183,
            167,
            169,
            243,
            275,
            290,
            317,
            329,
            367,
            374,
            357,
            322,
            249,
            232,
            196,
            178,
            92,
            55,
            24
        ],
        [
            30,
            37,
            45,
            68,
            158,
            197,
            198,
            254,
            298,
            311,
            355,
            365,
            395,
            398,
            393,
            363,
            207,
            164,
            129,
            144,
            143,
            127,
            86,
            43
        ],
        [
            13,
            53,
            64,
            77,
            114,
            112,
            162,
            180,
            199,
            342,
            399,
            397,
            349,
            301,
            284,
            251,
            297,
            265,
            214,
            120,
            105,
            106,
            66,
            124,
            81
        ],
        [
            10,
            122,
            138,
            136,
            174,
            194,
            282,
            295,
            310,
            335,
            356,
            379,
            389,
            369,
            340,
            316,
            272,
            236,
            238,
            305,
            260,
            261,
            226,
            208,
            189,
            186,
            224,
            184,
            202,
            145,
            97
        ],
        [
            60,
            73,
            75,
            76,
            65,
            102,
            117,
            150,
            166,
            319,
            383,
            391,
            390,
            380,
            359,
            339,
            271,
            286,
            313,
            285,
            216,
            142,
            46,
            29,
            21
        ],
        [
            17,
            67,
            79,
            91,
            266,
            215,
            235,
            348,
            351,
            376,
            384,
            378,
            320,
            245,
            246,
            228,
            209,
            119,
            134,
            131,
            61,
            50,
            27,
            19
        ],
        [
            9,
            54,
            88,
            101,
            133,
            152,
            205,
            370,
            381,
            314,
            323,
            334,
            296,
            231,
            211,
            171,
            193,
            141,
            94,
            70,
            71,
            49,
            16
        ],
        [
            41,
            130,
            201,
            181,
            219,
            160,
            83,
            57,
            109,
            108,
            140,
            156,
            195,
            325,
            358,
            371,
            318,
            303,
            288,
            274,
            242,
            149,
            90
        ],
        [
            5,
            14,
            35,
            63,
            132,
            204,
            182,
            255,
            315,
            299,
            253,
            93,
            95,
            72,
            39,
            31
        ],
        [
            20,
            62,
            74,
            239,
            222,
            203,
            241,
            259,
            353,
            361,
            377,
            350,
            302,
            326,
            337,
            366,
            345,
            268,
            267,
            250,
            233,
            175,
            137,
            69,
            40
        ],
        [
            6,
            36,
            123,
            177,
            179,
            270,
            300,
            327,
            338,
            385,
            392,
            396,
            388,
            330,
            333,
            307,
            293,
            292,
            276,
            185,
            221,
            100,
            87,
            34,
            32
        ],
        [
            2,
            148,
            258,
            328,
            113,
            98,
            96,
            110,
            15,
            23,
            7
        ],
        [
            1,
            3,
            11,
            38,
            48,
            85,
            25
        ],
        [
            4,
            12
        ]
    ]
}