{
    "problem_name": "Golden_19",
    "dimension": 361,
    "capacity": 200,
    "best_cost": 1616.787300376211,
    "vehicles_used": 33,
    "total_load": 6480,
    "execution_time_seconds": 85.2753894329071,
    "depot_index": 0,
    "routes": [
        [
            30,
            39,
            40,
            99,
            150,
            124,
            64,
            90,
            4,
            37
        ],
        [
            63,
            243,
            303,
            183,
            3
        ],
        [
            67,
            127,
            307,
            247,
            187
        ],
        [
            53,
            6,
            46,
            55,
            106,
            66,
            113,
            58,
            173,
            118,
            59,
            15,
            54
        ],
        [
            29,
            34,
            35,
            154,
            214,
            274,
            329,
            269,
            209,
            123,
            149,
            94,
            89,
            82,
            31,
            22
        ],
        [
            21,
            2,
            14,
            23,
            74,
            62,
            81,
            26,
            27,
            28,
            33,
            32
        ],
        [
            38,
            5,
            98,
            47,
            48,
            43,
            44,
            103,
            162,
            217,
            157,
            102,
            97,
            42
        ],
        [
            36,
            95,
            96,
            9,
            101,
            161,
            339,
            330,
            279,
            270,
            219,
            210,
            159,
            100,
            41
        ],
        [
            86,
            141,
            122,
            146,
            201,
            182,
            194,
            143,
            84,
            134,
            83,
            24
        ],
        [
            13,
            1,
            73,
            18,
            19,
            20,
            25,
            7,
            85,
            144,
            203,
            254
        ],
        [
            78,
            133,
            138,
            198,
            253,
            181,
            193,
            121,
            174,
            61,
            114
        ],
        [
            91,
            142,
            202,
            151,
            152,
            93,
            68,
            147,
            88,
            8,
            92
        ],
        [
            45,
            105,
            50,
            51,
            110,
            165,
            170,
            230,
            285,
            225,
            125,
            158,
            65
        ],
        [
            115,
            166,
            126,
            178,
            233,
            186,
            226,
            175,
            116,
            117,
            57,
            56
        ],
        [
            60,
            120,
            72,
            180,
            132,
            137,
            77,
            12,
            17,
            16
        ],
        [
            10,
            109,
            70,
            164,
            130,
            289,
            229,
            169,
            168,
            49
        ],
        [
            79,
            80,
            139,
            145,
            140,
            199,
            258,
            313,
            241,
            294,
            195,
            234,
            135,
            75
        ],
        [
            155,
            215,
            275,
            335,
            276,
            189,
            221,
            216,
            129,
            156
        ],
        [
            108,
            104,
            228,
            287,
            338,
            245,
            278,
            227,
            185,
            218,
            167,
            107
        ],
        [
            52,
            11,
            112,
            71,
            177,
            131,
            172,
            171,
            111
        ],
        [
            76,
            136,
            196,
            240,
            192,
            300,
            299,
            239,
            179,
            119
        ],
        [
            235,
            296,
            356,
            357,
            251,
            297,
            191,
            237,
            236,
            176
        ],
        [
            231,
            290,
            345,
            291,
            350,
            351,
            292,
            232,
            295,
            346,
            246,
            293,
            238,
            286
        ],
        [
            298,
            353,
            306,
            358,
            359,
            360,
            252,
            257,
            197,
            256,
            255,
            354
        ],
        [
            259,
            200,
            205,
            265,
            264,
            323,
            302,
            242,
            314,
            263,
            204
        ],
        [
            163,
            222,
            277,
            223,
            224,
            288,
            347,
            305,
            352,
            311,
            355
        ],
        [
            160,
            69,
            220,
            281,
            280,
            337,
            244,
            184
        ],
        [
            87,
            206,
            261,
            321,
            266,
            207,
            148,
            128,
            153,
            212,
            271,
            322,
            262,
            211
        ],
        [
            213,
            272,
            331,
            332,
            273,
            188,
            268,
            333,
            328,
            327,
            326,
            267,
            208
        ],
        [
            282,
            283,
            190,
            284,
            250,
            344,
            343,
            342,
            304
        ],
        [
            348,
            349,
            310,
            340,
            249,
            341,
            309,
            336,
            334
        ],
        [
            324,
            325,
            320,
            319,
            260,
            318,
            301,
            315,
            316,
            317,
            312
        ],
        [
            248,
            308
        ]
    ]
}