{
    "problem_name": "Golden_15",
    "dimension": 397,
    "capacity": 1000,
    "best_cost": 1572.8639884965974,
    "vehicles_used": 33,
    "total_load": 32244,
    "execution_time_seconds": 1314.2576813697815,
    "depot_index": 0,
    "routes": [
        [
            4,
            208,
            209,
            155,
            109,
            71,
            41,
            19
        ],
        [
            10,
            11,
            31,
            32
        ],
        [
            9,
            128,
            52,
            26,
            8
        ],
        [
            6,
            22,
            21,
            43,
            20
        ],
        [
            7,
            23,
            24,
            25,
            51
        ],
        [
            12,
            13,
            14,
            1
        ],
        [
            2,
            15,
            35,
            63,
            99,
            143,
            195,
            194
        ],
        [
            56,
            90,
            89,
            131,
            240,
            241,
            183,
            133,
            132,
            91,
            57
        ],
        [
            3,
            17,
            39,
            69,
            68,
            105,
            67
        ],
        [
            47,
            79,
            80,
            81,
            83,
            125,
            84,
            50,
            49
        ],
        [
            5,
            44,
            76,
            116,
            165,
            117,
            77,
            45
        ],
        [
            29,
            30,
            55,
            54,
            88,
            87,
            127,
            86
        ],
        [
            16,
            38,
            37,
            36,
            66,
            65,
            101,
            145,
            144
        ],
        [
            78,
            118,
            166,
            222,
            286,
            285,
            357,
            356,
            284,
            283,
            219,
            218,
            217,
            216,
            160,
            161
        ],
        [
            111,
            157,
            211,
            212,
            213,
            214,
            276,
            347,
            348,
            349,
            350,
            278,
            279,
            351,
            352,
            353,
            280,
            281
        ],
        [
            103,
            102,
            146,
            147,
            199,
            259,
            200,
            260,
            328,
            327,
            326,
            258,
            198,
            197,
            257,
            325,
            324
        ],
        [
            28,
            129,
            179,
            237,
            236,
            302,
            376,
            375,
            374,
            373,
            53,
            27
        ],
        [
            33,
            61,
            62,
            98,
            142,
            141,
            251,
            192,
            140,
            96,
            60
        ],
        [
            46,
            168,
            225,
            289,
            288,
            287,
            358,
            359,
            360,
            361,
            362,
            290,
            226,
            170,
            169,
            120
        ],
        [
            18,
            40,
            70,
            108,
            154,
            272,
            343,
            342,
            271,
            270,
            269,
            207,
            153
        ],
        [
            48,
            121,
            122,
            171,
            228,
            293,
            294,
            230,
            229,
            172,
            124,
            123,
            82
        ],
        [
            72,
            110,
            156,
            210,
            273,
            274,
            344,
            345,
            275,
            346,
            277,
            215,
            159,
            113,
            74
        ],
        [
            95,
            139,
            250,
            249,
            317,
            316,
            315,
            391,
            314,
            246,
            247,
            248,
            190,
            138,
            94
        ],
        [
            34,
            64,
            100,
            196,
            256,
            255,
            323,
            322,
            254,
            321,
            396,
            253,
            320,
            252,
            97
        ],
        [
            59,
            191,
            189,
            188,
            187,
            186,
            244,
            243,
            242,
            184,
            185,
            135,
            58
        ],
        [
            130,
            180,
            238,
            303,
            377,
            378,
            304,
            239,
            181,
            182,
            134,
            92,
            136,
            93
        ],
        [
            85,
            126,
            176,
            175,
            174,
            173,
            231,
            297,
            371,
            232,
            233,
            234,
            235,
            177,
            178
        ],
        [
            119,
            167,
            223,
            224,
            227,
            291,
            363,
            364,
            292,
            365,
            366,
            367,
            368,
            369,
            295,
            296,
            370,
            299
        ],
        [
            42,
            73,
            112,
            158,
            114,
            162,
            220,
            221,
            164,
            163,
            115,
            75
        ],
        [
            151,
            205,
            206,
            268,
            338,
            337,
            336,
            335,
            334,
            264,
            263,
            333,
            332,
            331,
            330,
            329,
            261,
            262,
            201
        ],
        [
            137,
            312,
            388,
            387,
            386,
            385,
            311,
            310,
            384,
            383,
            309,
            308,
            382,
            381,
            380,
            379,
            305,
            306,
            307
        ],
        [
            107,
            341,
            340,
            339,
            267,
            266,
            265,
            203,
            202,
            148,
            149,
            104,
            150,
            204,
            152,
            106
        ],
        [
            193,
            319,
            395,
            318,
            394,
            393,
            392,
            390,
            389,
            313,
            245,
            301,
            300,
            372,
            298,
            355,
            354,
            282
        ]
    ]
}