{
    "problem_name": "Golden_17",
    "dimension": 241,
    "capacity": 200,
    "best_cost": 1516.2604033674572,
    "vehicles_used": 22,
    "total_load": 4320,
    "execution_time_seconds": 79.22489142417908,
    "depot_index": 0,
    "routes": [
        [
            12,
            55,
            190,
            223,
            189,
            216,
            34
        ],
        [
            64,
            105,
            125,
            71,
            235,
            186,
            119
        ],
        [
            46,
            176,
            236,
            112,
            22,
            3,
            91,
            8,
            88,
            87,
            28
        ],
        [
            35,
            219,
            184,
            103,
            227,
            65,
            11,
            58,
            114
        ],
        [
            23,
            1,
            54,
            75,
            135,
            76,
            238,
            175,
            163,
            162,
            210,
            221,
            36,
            150,
            90
        ],
        [
            59,
            197,
            192,
            240,
            239,
            230,
            158,
            38,
            43,
            160,
            156,
            215
        ],
        [
            2,
            27,
            211,
            214,
            129,
            217,
            157,
            165,
            173,
            72
        ],
        [
            116,
            131,
            191,
            218,
            42,
            96,
            142,
            83,
            145,
            140,
            80,
            133,
            15
        ],
        [
            168,
            185,
            117,
            57,
            60,
            174,
            78,
            193,
            198,
            139,
            79,
            194
        ],
        [
            37,
            82,
            13,
            181,
            137,
            132,
            226,
            115,
            56,
            66
        ],
        [
            47,
            107,
            229,
            222,
            44,
            102,
            100,
            101,
            95,
            29,
            31,
            204,
            144,
            84,
            73
        ],
        [
            89,
            69,
            161,
            40,
            124,
            104,
            130,
            167,
            225,
            170
        ],
        [
            63,
            151,
            92,
            93,
            33,
            86,
            19,
            136,
            196,
            180,
            53,
            45,
            49
        ],
        [
            113,
            118,
            233,
            126,
            52,
            111,
            97,
            30,
            99,
            212,
            213,
            147,
            141,
            81
        ],
        [
            109,
            228,
            224,
            70,
            10,
            94,
            152,
            128,
            74
        ],
        [
            6,
            50,
            98,
            169,
            164,
            41,
            155,
            154,
            209,
            32,
            148,
            146,
            203,
            85,
            26
        ],
        [
            39,
            159,
            171,
            231,
            232,
            237,
            172,
            177,
            166,
            178,
            120,
            77,
            195,
            138,
            200,
            24,
            14
        ],
        [
            220,
            153,
            201,
            182,
            122,
            61,
            179,
            51
        ],
        [
            123,
            183,
            143,
            67,
            121,
            25,
            21
        ],
        [
            110,
            108,
            202,
            68,
            188,
            206,
            205,
            187,
            17
        ],
        [
            106,
            16,
            234,
            199,
            127,
            208,
            207,
            134,
            7,
            20,
            18
        ],
        [
            62,
            149,
            9,
            4,
            48,
            5
        ]
    ]
}