{
    "problem_name": "Golden_9",
    "dimension": 256,
    "capacity": 1000,
    "best_cost": 683.0922520214339,
    "vehicles_used": 14,
    "total_load": 13429,
    "execution_time_seconds": 374.7306578159332,
    "depot_index": 0,
    "routes": [
        [
            4,
            17,
            30,
            7,
            1
        ],
        [
            2,
            8,
            13,
            26,
            18,
            12
        ],
        [
            32,
            50,
            72,
            98,
            113,
            144,
            172,
            185,
            173,
            159,
            129,
            99,
            85,
            61,
            41,
            25
        ],
        [
            51,
            73,
            114,
            145,
            160,
            186,
            198,
            187,
            174,
            146,
            130,
            100,
            86,
            62,
            33,
            19,
            5
        ],
        [
            9,
            14,
            20,
            27,
            35,
            34,
            43,
            53,
            64,
            76,
            88,
            75,
            63,
            52,
            42
        ],
        [
            11,
            38,
            69,
            81,
            124,
            139,
            167,
            179,
            190,
            153,
            108,
            94,
            68,
            57,
            47,
            29,
            22,
            16
        ],
        [
            24,
            40,
            60,
            84,
            112,
            143,
            171,
            195,
            215,
            231,
            223,
            157,
            127,
            97,
            71,
            49
        ],
        [
            128,
            158,
            184,
            196,
            206,
            224,
            238,
            205,
            183,
            170,
            142,
            111,
            83,
            59,
            48,
            39,
            31,
            23
        ],
        [
            74,
            87,
            101,
            115,
            131,
            147,
            132,
            116,
            102,
            117,
            133,
            149,
            164,
            150,
            135,
            119,
            134,
            118,
            104,
            90,
            103,
            89,
            77,
            65,
            54,
            44
        ],
        [
            3,
            6,
            10,
            58,
            95,
            109,
            140,
            154,
            180,
            168,
            155,
            141,
            125,
            110,
            82,
            70
        ],
        [
            161,
            175,
            162,
            148,
            163,
            177,
            189,
            200,
            176,
            188,
            199,
            210,
            219,
            227,
            209,
            218,
            226,
            234,
            240,
            245,
            249,
            244,
            239,
            233,
            225,
            232,
            216,
            207,
            217,
            208,
            197
        ],
        [
            96,
            126,
            156,
            182,
            194,
            214,
            230,
            222,
            213,
            204,
            193,
            169,
            80,
            93,
            79,
            67,
            56,
            46,
            37,
            28,
            21,
            15
        ],
        [
            181,
            203,
            221,
            229,
            236,
            242,
            237,
            243,
            247,
            251,
            248,
            252,
            254,
            255,
            253,
            250,
            246,
            241,
            235,
            228,
            220,
            212,
            211,
            201,
            191,
            202,
            192,
            123,
            107,
            45,
            36
        ],
        [
            92,
            106,
            122,
            138,
            152,
            166,
            178,
            165,
            137,
            151,
            136,
            120,
            121,
            105,
            91,
            78,
            66,
            55
        ]
    ]
}