{
    "problem_name": "Golden_13",
    "dimension": 253,
    "capacity": 1000,
    "best_cost": 998.2146942288576,
    "vehicles_used": 26,
    "total_load": 25136,
    "execution_time_seconds": 53.450847864151,
    "depot_index": 0,
    "routes": [
        [
            7,
            23,
            47,
            79,
            78,
            22
        ],
        [
            9,
            27,
            28,
            10
        ],
        [
            8,
            25,
            50,
            83,
            124,
            173,
            230,
            125
        ],
        [
            12,
            32,
            60,
            96,
            140,
            192,
            252,
            97
        ],
        [
            4,
            18,
            40,
            70,
            108,
            17
        ],
        [
            56,
            91,
            134,
            185,
            57,
            30,
            11
        ],
        [
            24,
            49,
            81,
            122,
            170,
            121,
            120,
            80,
            48
        ],
        [
            6,
            46,
            77,
            118,
            166,
            222,
            223,
            167,
            119
        ],
        [
            52,
            86,
            127,
            177,
            234,
            176,
            126,
            85,
            51,
            26
        ],
        [
            19,
            41,
            110,
            42,
            20,
            5
        ],
        [
            53,
            87,
            129,
            179,
            237,
            238,
            181,
            180,
            130,
            88,
            54
        ],
        [
            1,
            13,
            14,
            2
        ],
        [
            3,
            39,
            69,
            109,
            71,
            72,
            21
        ],
        [
            34,
            63,
            99,
            144,
            197,
            145,
            100,
            64,
            35,
            15
        ],
        [
            16,
            38,
            68,
            106,
            107,
            153,
            154,
            155,
            156,
            157,
            111
        ],
        [
            73,
            112,
            159,
            113,
            114,
            74,
            75,
            43,
            44,
            45
        ],
        [
            84,
            123,
            171,
            172,
            174,
            229,
            228,
            227,
            226,
            225,
            224,
            168,
            169,
            82
        ],
        [
            29,
            55,
            89,
            131,
            182,
            132,
            133,
            90,
            31
        ],
        [
            37,
            67,
            66,
            104,
            150,
            204,
            203,
            149,
            103,
            65,
            36
        ],
        [
            116,
            115,
            158,
            212,
            211,
            210,
            209,
            208,
            207,
            206,
            205,
            151,
            152,
            105
        ],
        [
            59,
            95,
            139,
            191,
            251,
            141,
            142,
            98,
            62,
            61,
            33
        ],
        [
            117,
            165,
            221,
            220,
            219,
            164,
            163,
            162,
            217,
            161,
            160,
            216,
            215,
            214,
            213
        ],
        [
            58,
            93,
            137,
            136,
            135,
            188,
            189,
            249,
            250,
            190,
            138,
            94
        ],
        [
            184,
            183,
            239,
            240,
            241,
            242,
            243,
            244,
            245,
            186,
            246,
            247,
            248,
            187,
            92
        ],
        [
            101,
            102,
            146,
            147,
            148,
            202,
            201,
            200,
            199,
            198,
            196,
            195,
            194,
            193,
            143
        ],
        [
            128,
            178,
            236,
            235,
            233,
            232,
            231,
            175,
            218,
            76
        ]
    ]
}