{
    "problem_name": "Golden_7",
    "dimension": 361,
    "capacity": 900,
    "best_cost": 20172.186101604966,
    "vehicles_used": 9,
    "total_load": 7200,
    "execution_time_seconds": 2297.4803602695465,
    "depot_index": 0,
    "routes": [
        [
            24,
            66,
            67,
            102,
            106,
            179,
            248,
            356,
            319,
            354,
            244,
            208,
            173,
            171,
            207,
            206,
            134,
            203,
            273,
            309,
            196,
            89,
            52,
            51,
            83,
            191,
            118,
            117,
            152,
            187,
            223,
            332,
            295,
            186,
            185,
            184,
            148,
            111,
            110,
            76,
            115,
            6
        ],
        [
            48,
            119,
            155,
            190,
            262,
            225,
            224,
            259,
            296,
            331,
            294,
            330,
            329,
            328,
            257,
            256,
            220,
            146,
            215,
            251,
            214,
            213,
            318,
            353,
            281,
            280,
            351,
            350,
            239,
            275,
            311,
            347,
            310,
            199,
            54,
            58,
            132,
            172,
            137,
            140,
            105,
            107
        ],
        [
            17,
            53,
            22,
            25,
            27,
            28,
            101,
            60,
            94,
            164,
            201,
            236,
            272,
            308,
            238,
            274,
            348,
            349,
            313,
            276,
            240,
            168,
            205,
            241,
            277,
            242,
            243,
            245,
            247,
            357,
            321,
            212,
            141,
            143,
            144,
            181,
            219,
            292,
            258,
            261,
            333,
            298,
            336,
            228,
            120,
            84,
            80,
            79,
            114,
            78,
            41,
            2,
            35,
            34
        ],
        [
            7,
            46,
            45,
            42,
            113,
            109,
            180,
            216,
            288,
            323,
            358,
            286,
            320,
            355,
            317,
            352,
            316,
            315,
            279,
            210,
            176,
            37,
            70,
            69,
            133,
            167,
            166,
            345,
            344,
            271,
            270,
            198,
            197,
            160,
            229,
            264,
            299,
            335,
            334,
            154,
            121,
            124,
            88,
            90,
            26,
            29
        ],
        [
            11,
            12,
            13,
            49,
            43,
            81,
            116,
            151,
            153,
            192,
            300,
            301,
            338,
            303,
            268,
            340,
            341,
            306,
            343,
            202,
            129,
            131,
            95,
            92,
            161,
            55,
            56,
            20,
            61,
            99,
            170,
            136,
            138,
            174,
            209,
            282,
            246,
            211,
            249,
            285,
            322,
            359,
            289,
            253,
            252,
            73,
            39
        ],
        [
            63,
            62,
            57,
            91,
            126,
            163,
            200,
            237,
            235,
            307,
            269,
            305,
            304,
            267,
            302,
            266,
            193,
            122,
            87,
            86,
            85,
            50,
            47,
            10,
            8,
            77,
            150,
            293,
            291,
            327,
            326,
            325,
            218,
            182,
            145,
            177,
            142,
            108,
            38,
            72,
            32
        ],
        [
            3,
            40,
            1,
            36,
            71,
            31,
            30,
            65,
            64,
            100,
            283,
            178,
            287,
            217,
            255,
            183,
            149,
            221,
            222,
            188,
            260,
            297,
            189,
            226,
            227,
            263,
            337,
            194,
            159,
            232,
            233,
            342,
            234,
            162,
            127,
            128,
            130,
            204,
            169,
            96,
            19,
            18,
            14
        ],
        [
            16,
            21,
            23,
            59,
            97,
            98,
            135,
            278,
            314,
            312,
            346,
            165,
            93,
            125,
            123,
            158,
            195,
            231,
            339,
            265,
            230,
            157,
            156,
            82,
            44,
            9,
            5,
            4,
            74,
            75,
            112,
            147,
            254,
            290,
            360,
            324,
            250,
            284,
            175,
            139,
            103,
            104,
            68,
            33
        ],
        [
            15
        ]
    ]
}