{
    "problem_name": "Golden_12",
    "dimension": 484,
    "capacity": 1000,
    "best_cost": 2356.8359844220563,
    "vehicles_used": 20,
    "total_load": 18701,
    "execution_time_seconds": 1292.98703956604,
    "depot_index": 0,
    "routes": [
        [
            38,
            177,
            218,
            240,
            338,
            422,
            441,
            440,
            429,
            457,
            426,
            339,
            267,
            308,
            248,
            187,
            246,
            182,
            163,
            221,
            180,
            71,
            50,
            34,
            19
        ],
        [
            27,
            85,
            164,
            223,
            265,
            358,
            375,
            414,
            431,
            319,
            300,
            239,
            195,
            197,
            127,
            95,
            68,
            23,
            11,
            6
        ],
        [
            8,
            52,
            102,
            118,
            209,
            230,
            360,
            473,
            459,
            458,
            464,
            469,
            277,
            214,
            91,
            109,
            45,
            37,
            12
        ],
        [
            16,
            30,
            92,
            156,
            237,
            260,
            281,
            219,
            262,
            301,
            411,
            419,
            474,
            452,
            444,
            455,
            437,
            404,
            391,
            345,
            290,
            373,
            266,
            167,
            119,
            117,
            101,
            130,
            100
        ],
        [
            14,
            54,
            88,
            89,
            90,
            104,
            135,
            151,
            170,
            229,
            226,
            186,
            184,
            245,
            244,
            285,
            342,
            374,
            425,
            424,
            434,
            468,
            477,
            475,
            420,
            409,
            383,
            259,
            215,
            93,
            57
        ],
        [
            10,
            59,
            80,
            108,
            238,
            261,
            241,
            302,
            406,
            430,
            439,
            456,
            449,
            478,
            476,
            436,
            412,
            433,
            370,
            371,
            387,
            340,
            243,
            249,
            228,
            169,
            116,
            53,
            61
        ],
        [
            13,
            42,
            114,
            165,
            188,
            250,
            311,
            363,
            305,
            304,
            322,
            427,
            446,
            461,
            467,
            396,
            380,
            332,
            315,
            335,
            317,
            279,
            193,
            136,
            216,
            217,
            199,
            128,
            97
        ],
        [
            87,
            132,
            129,
            220,
            242,
            264,
            303,
            283,
            369,
            423,
            443,
            451,
            432,
            394,
            350,
            334,
            333,
            253,
            172,
            154,
            121,
            79,
            67,
            123,
            160,
            179,
            161,
            144,
            112
        ],
        [
            41,
            131,
            148,
            208,
            312,
            292,
            271,
            286,
            357,
            401,
            400,
            466,
            480,
            482,
            463,
            450,
            421,
            349,
            348,
            314,
            256,
            211,
            212,
            213,
            236,
            194,
            176,
            158,
            263,
            200,
            126,
            142,
            94
        ],
        [
            32,
            40,
            201,
            222,
            225,
            205,
            247,
            415,
            445,
            453,
            460,
            472,
            483,
            479,
            471,
            410,
            448,
            379,
            255,
            235,
            174,
            157,
            196,
            140,
            124,
            70,
            48
        ],
        [
            5,
            25,
            74,
            77,
            103,
            206,
            346,
            417,
            287,
            356,
            435,
            481,
            470,
            442,
            318,
            367,
            365,
            316,
            278,
            257,
            192,
            106,
            198,
            111,
            83
        ],
        [
            17,
            47,
            36,
            78,
            105,
            120,
            137,
            191,
            231,
            233,
            234,
            298,
            336,
            320,
            384,
            388,
            125,
            162,
            181,
            185,
            64,
            35,
            18
        ],
        [
            46,
            110,
            159,
            171,
            190,
            210,
            351,
            418,
            382,
            397,
            353,
            282,
            321,
            385,
            399,
            465,
            462,
            428,
            325,
            306,
            326,
            268,
            75,
            63,
            43,
            72,
            39
        ],
        [
            31,
            84,
            98,
            86,
            202,
            289,
            307,
            343,
            361,
            389,
            402,
            413,
            372,
            355,
            354,
            408,
            381,
            366,
            297,
            331,
            295,
            294,
            254,
            232,
            153,
            173,
            138,
            66,
            15
        ],
        [
            22,
            69,
            96,
            139,
            155,
            280,
            352,
            368,
            386,
            341,
            438,
            416,
            390,
            329,
            310,
            288,
            150,
            149,
            166,
            183,
            147,
            99,
            73,
            60,
            49
        ],
        [
            9,
            20,
            76,
            134,
            207,
            227,
            269,
            347,
            392,
            377,
            376,
            403,
            324,
            323,
            178,
            175,
            122,
            55,
            28,
            21,
            81,
            113,
            146
        ],
        [
            29,
            58,
            82,
            107,
            258,
            296,
            276,
            275,
            274,
            313,
            364,
            393,
            407,
            395,
            284,
            454,
            447,
            405,
