{
    "problem_name": "Golden_11",
    "dimension": 400,
    "capacity": 1000,
    "best_cost": 1121.581548172507,
    "vehicles_used": 18,
    "total_load": 16980,
    "execution_time_seconds": 306.1512095928192,
    "depot_index": 0,
    "routes": [
        [
            18,
            32,
            61,
            85,
            129,
            163,
            182,
            146,
            99,
            73,
            41,
            25,
            8
        ],
        [
            1,
            3,
            37,
            46,
            56,
            122,
            107,
            93,
            29,
            22,
            16
        ],
        [
            11,
            38,
            30,
            23,
            17,
            7,
            4
        ],
        [
            67,
            79,
            92,
            106,
            121,
            137,
            154,
            172,
            191,
            210,
            91,
            78,
            66,
            55,
            45,
            36,
            28,
            21,
            15,
            10,
            6
        ],
        [
            24,
            72,
            98,
            128,
            162,
            181,
            220,
            256,
            303,
            330,
            289,
            273,
            239,
            201,
            145,
            113,
            50
        ],
        [
            2,
            5,
            13,
            33,
            62,
            74,
            185,
            100,
            86,
            51
        ],
        [
            39,
            48,
            58,
            69,
            81,
            94,
            108,
            123,
            139,
            156,
            174,
            193,
            212,
            230,
            247,
            229,
            211,
            192,
            173,
            155,
            138,
            80,
            68,
            57,
            47
        ],
        [
            31,
            59,
            70,
            96,
            110,
            142,
            178,
            197,
            235,
            252,
            284,
            298,
            324,
            335,
            323,
            311,
            283,
            268,
            234,
            216,
            177,
            159,
            125,
            95,
            82
        ],
        [
            49,
            71,
            83,
            111,
            126,
            160,
            198,
            179,
            161,
            143,
            127,
            144,
            112,
            97,
            84,
            60,
            40
        ],
        [
            19,
            26,
            42,
            52,
            63,
            75,
            88,
            102,
            76,
            64,
            53,
            43,
            34,
            14,
            9
        ],
        [
            87,
            115,
            131,
            148,
            184,
            204,
            224,
            242,
            260,
            277,
            293,
            278,
            261,
            243,
            225,
            205,
            166,
            149,
            132,
            116,
            101,
            54,
            44,
            35,
            27,
            20
        ],
        [
            89,
            117,
            133,
            103,
            118,
            134,
            150,
            167,
            186,
            168,
            187,
            206,
            226,
            244,
            262,
            279,
            263,
            245,
            207,
            227,
            246,
            228,
            208,
            188,
            170,
            152,
            169,
            151,
            135,
            119,
            104,
            90,
            77,
            65
        ],
        [
            114,
            164,
            183,
            203,
            222,
            202,
            221,
            240,
            257,
            274,
            258,
            241,
            259,
            275,
            290,
            304,
            317,
            318,
            305,
            319,
            291,
            306,
            320,
            333,
            321,
            307,
            292,
            276,
            223,
            165,
            147,
            130
        ],
        [
            141,
            196,
            251,
            297,
            310,
            334,
            322,
            309,
            295,
            296,
            281,
            280,
            264,
            265,
            248,
            231,
            213,
            249,
            266,
            282,
            267,
            250,
            232,
            194,
            214,
            233,
            215,
            195,
            175,
            157,
            176,
            158,
            140,
            124,
            109
        ],
        [
            180,
            200,
            219,
            237,
            236,
            253,
            270,
            286,
            285,
            300,
            314,
            327,
            338,
            326,
            313,
            325,
            337,
            348,
            347,
            357,
            365,
            372,
            364,
            356,
            346,
            336,
            312,
            299,
            269,
            217,
            218,
            199
        ],
        [
            255,
            271,
            287,
            301,
            315,
            339,
            349,
            359,
            367,
            375,
            381,
            387,
            391,
            395,
            398,
            396,
            392,
            388,
            382,
            376,
            368,
            360,
            350,
            340,
            351,
            352,
            341,
            329,
            328,
            316,
            302,
            288,
            272,
            238
        ],
        [
            105,
            120,
            136,
            153,
            171,
            190,
            345,
            355,
            379,
            385,
            373,
            380,
            390,
            394,
            397,
            399,
            393,
            389,
            384,
            377,
            370,
            378,
            371,
            363,
            354,
            344,
            332,
            343,
            331,
            342,
            353,
            362,
            361,
            369,
            383,
            386,
            374,
            366,
            358,
            254
        ],
        [
            189,
            209,
            294,
            308,
            12
        ]
    ]
}