{
    "problem_name": "Golden_15",
    "dimension": 397,
    "capacity": 1000,
    "best_cost": 1548.9035667555786,
    "vehicles_used": 33,
    "total_load": 32244,
    "execution_time_seconds": 18.00837802886963,
    "depot_index": 0,
    "routes": [
        [
            10,
            28,
            27,
            9
        ],
        [
            26,
            52,
            127,
            51,
            25,
            8
        ],
        [
            2,
            15,
            36,
            65,
            102,
            103,
            37
        ],
        [
            3,
            17,
            16,
            1
        ],
        [
            4,
            39,
            69,
            107,
            152,
            106,
            68,
            38
        ],
        [
            12,
            59,
            139,
            138,
            94,
            58,
            31
        ],
        [
            66,
            104,
            150,
            149,
            203,
            265,
            334,
            335,
            336,
            266,
            204,
            205,
            151,
            105,
            67
        ],
        [
            53,
            87,
            129,
            179,
            130,
            88,
            54,
            55,
            29
        ],
        [
            85,
            126,
            175,
            125,
            83,
            84,
            50,
            49,
            24
        ],
        [
            32,
            60,
            96,
            140,
            192,
            61,
            33,
            13
        ],
        [
            124,
            174,
            173,
            172,
            123,
            82,
            81,
            48,
            7
        ],
        [
            11,
            132,
            182,
            240,
            306,
            380,
            305,
            239,
            181,
            131,
            89
        ],
        [
            40,
            70,
            108,
            154,
            208,
            270,
            341,
            271,
            209,
            155,
            109,
            18
        ],
        [
            41,
            71,
            110,
            156,
            210,
            157,
            111,
            72,
            42,
            19
        ],
        [
            14,
            34,
            35,
            63,
            64,
            100,
            101,
            146,
            148,
            202
        ],
        [
            30,
            56,
            57,
            93,
            137,
            189,
            190,
            251,
            191,
            95
        ],
        [
            86,
            128,
            178,
            177,
            235,
            234,
            300,
            374,
            373,
            298,
            299,
            233,
            176,
            23
        ],
        [
            62,
            98,
            142,
            143,
            144,
            196,
            195,
            194,
            254,
            253,
            320,
            252,
            193,
            141,
            97
        ],
        [
            6,
            22,
            21,
            5
        ],
        [
            153,
            206,
            267,
            337,
            268,
            338,
            339,
            340,
            269,
            207,
            272,
            73,
            43,
            20
        ],
        [
            47,
            79,
            78,
            77,
            116,
            76,
            44,
            45,
            46
        ],
        [
            90,
            133,
            183,
            241,
            242,
            308,
            382,
            309,
            243,
            185,
            184,
            134,
            92,
            91
        ],
        [
            99,
            197,
            256,
            255,
            323,
            324,
            257,
            325,
            326,
            327,
            328,
            329,
            260,
            259,
            199,
            258,
            198,
            145
        ],
        [
            250,
            319,
            318,
            249,
            317,
            393,
            392,
            391,
            390,
            314,
            315,
            316,
            248,
            188,
            187,
            135,
            136
        ],
        [
            80,
            120,
            168,
            224,
            225,
            169,
            170,
            226,
            291,
            227,
            228,
            171,
            122,
            121
        ],
        [
            231,
            229,
            292,
            364,
            365,
            293,
            230,
            294,
            366,
            367,
            368,
            369,
            295,
            296,
            370,
            371,
            372,
            297,
            232
        ],
        [
            117,
            165,
            221,
            285,
            357,
            358,
            359,
            360,
            287,
            286,
            222,
            223,
            167,
            166,
            118,
            119
        ],
        [
            74,
            112,
            113,
            159,
            213,
            214,
            216,
            160,
            161,
            162,
            114,
            115,
            75
        ],
        [
            164,
            220,
            284,
            356,
            355,
            354,
            353,
            352,
            351,
            279,
            280,
            281,
            217,
            218,
            282,
            283,
            219,
            163
        ],
        [
            180,
            237,
            238,
            304,
            303,
            236,
            302,
            301,
            375,
            376,
            377,
            378,
            379,
            381,
            383,
            384,
            310,
            244,
            307
        ],
        [
            158,
            212,
            275,
            276,
            215,
            278,
            350,
            349,
            348,
            277,
            347,
            346,
            345,
            344,
            274,
            343,
            342,
            273,
            211
        ],
        [
            186,
            247,
            389,
            394,
            395,
            396,
            321,
            322,
            147,
            200,
            261,
            330,
            331,
            332,
            333,
            262,
            263,
            264,
            201
        ],
        [
            246,
            313,
            388,
            387,
            312,
            386,
            385,
            311,
            245,
            290,
            363,
            362,
            361,
            289,
            288
        ]
    ]
}