{
    "problem_name": "Golden_8",
    "dimension": 441,
    "capacity": 900,
    "best_cost": 12991.327541310093,
    "vehicles_used": 10,
    "total_load": 8800,
    "execution_time_seconds": 1735.7016563415527,
    "depot_index": 0,
    "routes": [
        [
            14,
            57,
            56,
            13,
            12,
            11,
            10,
            9,
            8,
            7,
            6,
            5,
            4,
            3,
            2,
            1,
            44,
            43,
            42,
            41,
            40,
            39,
            38,
            37,
            36,
            35,
            34,
            33,
            32,
            31,
            30,
            29,
            28,
            27,
            26,
            25,
            24,
            23,
            22,
            21,
            20,
            19,
            18,
            17,
            16,
            15
        ],
        [
            67,
            68,
            112,
            156,
            157,
            113,
            69,
            70,
            71,
            72,
            73,
            74,
            75,
            76,
            77,
            78,
            79,
            80,
            81,
            82,
            83,
            84,
            85,
            86,
            87,
            88,
            45,
            46,
            47,
            48,
            49,
            50,
            51,
            52,
            53,
            54,
            55,
            58,
            59,
            60,
            61,
            62,
            63,
            64,
            65,
            66
        ],
        [
            102,
            101,
            100,
            99,
            98,
            97,
            96,
            95,
            94,
            93,
            92,
            91,
            90,
            89,
            132,
            131,
            130,
            129,
            128,
            127,
            126,
            168,
            167,
            166,
            165,
            164,
            163,
            162,
            161,
            160,
            159,
            158,
            114,
            115,
            116,
            117,
            118,
            119,
            120,
            121,
            122,
            123,
            124,
            125
        ],
        [
            195,
            194,
            193,
            192,
            191,
            190,
            189,
            188,
            187,
            186,
            185,
            184,
            183,
            182,
            226,
            225,
            224,
            223,
            222,
            221,
            264,
            263,
            307,
            351,
            395,
            439,
            438,
            394,
            350,
            306,
            349,
            348,
            393,
            437,
            392,
            436,
            435,
            391,
            347,
            303,
            304,
            305
        ],
        [
            169,
            170,
            171,
            172,
            173,
            174,
            175,
            176,
            133,
            134,
            135,
            136,
            137,
            138,
            139,
            140,
            141,
            142,
            143,
            144,
            145,
            146,
            147,
            148,
            149,
            150,
            151,
            152,
            153,
            154,
            155,
            199,
            243,
            244,
            245,
            246,
            247,
            291,
            336,
            380,
            424,
            425,
            381,
            337,
            293,
            292,
            248,
            249
        ],
        [
            104,
            105,
            106,
            107,
            108,
            109,
            110,
            111,
            200,
            201,
            202,
            203,
            204,
            205,
            206,
            207,
            208,
            209,
            210,
            211,
            212,
            213,
            214,
            215,
            216,
            217,
            218,
            219,
            308,
            352,
            396,
            440,
            397,
            398,
            354,
            310,
            309,
            265,
            266,
            267,
            268,
            269,
            181,
            180,
            179,
            178,
            177,
            220
        ],
        [
            103,
            277,
            321,
            365,
            409,
            408,
            364,
            320,
            319,
            363,
            407,
            406,
            362,
            318,
            274,
            275,
            230,
            229,
            228,
            227,
            271,
            272,
            273,
            317,
            361,
            405,
            404,
            360,
            316,
            315,
            359,
            403,
            402,
            358,
            314,
            270,
            313,
            357,
            401,
            400,
            356,
            312,
            311,
            355,
            399,
            353
        ],
        [
            262,
            261,
            260,
            259,
            258,
            302,
            346,
            390,
            434,
            433,
            389,
            345,
            301,
            257,
            256,
            255,
            254,
            298,
            299,
            300,
            344,
            388,
            432,
            431,
            387,
            343,
            342,
            386,
            430,
            429,
            385,
            428,
            427,
            426,
            382,
            338,
            339,
            383,
            384,
            340,
            296,
            341,
            297,
            252
        ],
        [
            236,
            235,
            234,
            233,
            232,
            231,
            276,
            278,
            322,
            366,
            410,
            411,
            367,
            323,
            279,
            280,
            281,
            324,
            368,
            412,
            413,
            369,
            325,
            326,
            370,
            414,
            415,
            371,
            327,
            283,
            282,
            237,
            238,
            239,
            240,
            241,
            242,
            286,
            330,
            287
        ],
        [
            198,
            197,
            196,
            284,
            328,
            372,
            416,
            417,
            373,
            329,
            285,
            374,
            418,
            419,
            375,
            331,
            332,
            376,
            420,
            421,
            377,
            333,
            288,
            289,
            290,
            334,
            378,
            422,
            423,
            379,
            335,
            294,
            250,
            251,
            295,
            253
        ]
    ]
}