{
    "problem_name": "Golden_17",
    "dimension": 241,
    "capacity": 200,
    "best_cost": 793.8750271897671,
    "vehicles_used": 22,
    "total_load": 4320,
    "execution_time_seconds": 68.6649751663208,
    "depot_index": 0,
    "routes": [
        [
            54,
            1,
            73,
            78,
            133,
            193,
            138,
            139,
            80,
            79,
            20,
            19,
            18,
            13
        ],
        [
            21,
            2,
            81,
            62,
            134,
            83,
            84,
            25,
            24,
            23,
            74,
            14
        ],
        [
            45,
            50,
            111,
            171,
            172,
            231,
            232,
            131,
            71,
            112,
            52
        ],
        [
            5,
            105,
            65,
            125,
            218,
            167,
            158,
            107,
            98,
            47,
            38
        ],
        [
            15,
            114,
            61,
            121,
            198,
            181,
            234,
            174,
            75,
            16
        ],
        [
            30,
            90,
            39,
            40,
            99,
            150,
            64,
            157,
            102,
            42,
            97,
            4,
            37
        ],
        [
            7,
            85,
            144,
            203,
            143,
            194,
            122,
            141,
            86,
            28,
            27,
            26
        ],
        [
            17,
            12,
            60,
            59,
            58,
            113,
            66,
            106,
            6,
            53
        ],
        [
            22,
            3,
            29,
            89,
            34,
            35,
            36,
            41,
            100,
            159,
            210,
            124
        ],
        [
            9,
            96,
            95,
            94,
            149,
            123,
            142,
            63,
            82,
            31
        ],
        [
            154,
            209,
            183,
            202,
            151,
            92,
            93,
            88,
            8,
            33,
            32,
            91
        ],
        [
            87,
            146,
            201,
            182,
            206,
            147,
            148,
            68,
            153,
            152,
            211
        ],
        [
            101,
            160,
            220,
            221,
            129,
            215,
            156,
            161,
            69,
            155
        ],
        [
            118,
            173,
            126,
            166,
            115,
            226,
            175,
            176,
            117,
            116,
            57,
            56,
            55,
            46
        ],
        [
            43,
            44,
            103,
            162,
            217,
            163,
            104,
            109,
            10,
            49,
            108,
            48
        ],
        [
            140,
            199,
            200,
            187,
            205,
            127,
            204,
            145,
            67
        ],
        [
            168,
            70,
            169,
            130,
            229,
            190,
            224,
            223,
            164
        ],
        [
            219,
            184,
            222,
            228,
            227,
            185,
            230,
            225,
            170,
            165,
            110,
            51
        ],
        [
            119,
            178,
            233,
            186,
            235,
            238,
            179,
            120,
            77,
            136,
            195,
            135,
            76
        ],
        [
            72,
            180,
            239,
            132,
            240,
            192,
            197,
            196,
            137
        ],
        [
            189,
            216,
            214,
            212,
            128,
            213,
            188,
            208,
            207
        ],
        [
            236,
            237,
            191,
            177,
            11
        ]
    ]
}