{
    "problem_name": "Golden_16",
    "dimension": 481,
    "capacity": 1000,
    "best_cost": 4706.769342145309,
    "vehicles_used": 38,
    "total_load": 35772,
    "execution_time_seconds": 234.53195357322693,
    "depot_index": 0,
    "routes": [
        [
            29,
            2,
            3
        ],
        [
            12,
            136,
            305,
            375,
            300,
            129,
            122,
            8
        ],
        [
            132,
            135,
            61,
            253,
            258,
            344,
            345,
            424,
            276,
            279,
            217,
            162,
            116,
            23
        ],
        [
            11,
            393,
            241,
            130,
            177,
            126,
            450,
            367,
            365,
            287,
            117,
            115
        ],
        [
            10,
            138,
            63,
            261,
            408,
            409,
            412,
            413,
            416,
            346,
            168,
            292,
            448
        ],
        [
            4,
            110,
            156,
            280,
            219,
            166,
            224,
            441,
            176,
            128,
            131
        ],
        [
            125,
            227,
            286,
            350,
            74,
            18,
            40,
            335,
            259,
            65,
            192,
            191
        ],
        [
            38,
            67,
            330,
            405,
            254,
            251,
            30,
            178,
            52,
            438,
            43
        ],
        [
            20,
            113,
            36,
            194,
            98,
            13,
            93,
            385,
            182
        ],
        [
            336,
            333,
            148,
            328,
            404,
            479,
            478,
            248,
            57,
            90,
            169,
            445,
            357,
            356,
            46
        ],
        [
            34,
            96,
            379,
            301,
            85,
            80,
            78,
            118,
            222,
            439,
            218,
            278,
            153
        ],
        [
            26,
            180,
            374,
            298,
            452,
            294,
            440,
            223,
            285,
            73,
            272,
            418,
            267,
            321,
            139
        ],
        [
            17,
            207,
            270,
            343,
            48,
            50,
            457,
            464,
            468,
            310,
            186,
            188,
            137
        ],
        [
            133,
            463,
            252,
            400,
            257,
            14,
            19,
            281,
            432,
            164,
            22
        ],
        [
            44,
            77,
            353,
            435,
            167,
            288,
            442,
            444,
            455,
            302,
            460,
            240,
            91,
            58
        ],
        [
            92,
            244,
            146,
            199,
            271,
            426,
            277,
            216,
            283,
            355,
            290,
            228,
            173,
            24
        ],
        [
            56,
            179,
            53,
            27,
            49,
            69,
            149
        ],
        [
            6,
            45,
            213,
            108,
            329,
            255,
            320,
            249,
            390,
            237,
            293,
            225
        ],
        [
            35,
            200,
            319,
            187,
            245,
            308,
            54,
            28,
            120,
            284,
            352,
            114
        ],
        [
            7,
            47,
            86,
            95,
            195,
            15,
            41
        ],
        [
            72,
            70,
            105,
            202,
            196,
            399,
            242,
            381,
            299,
            124,
            84,
            82,
            121
        ],
        [
            94,
            316,
            380,
            234,
            175,
            297,
            231,
            351,
            160,
            111,
            273,
            152,
            66,
            39
        ],
        [
            123,
            312,
            392,
            193,
            33,
            37,
            150,
            205,
            206,
            417,
            422,
            209,
            42
        ],
        [
            76,
            342,
            208,
            154,
            151,
            256,
            142,
            97,
            190,
            59,
            55,
            88
        ],
        [
            370,
            371,
            239,
            89,
            183,
            467,
            386,
            247,
            476,
            396,
            16,
            102,
            414,
            420,
            211
        ],
        [
            158,
            210,
            419,
            338,
            204,
            265,
            201,
            64,
            144,
            318,
            471,
            470,
            311,
            304,
            127,
            366,
            226
        ],
        [
            60,
            406,
            268,
            157,
            112,
            161,
            354,
            358,
            362,
            364,
            172,
            171,
            79,
            75
        ],
        [
            81,
            363,
            174,
            233,
            307,
            313,
            477,
            395,
            100,
            198,
            339,
            425,
            431,
            433,
            434,
            282,
            71
        ],
        [
            184,
            382,
            309,
            473,
            315,
            317,
            394,
            332,
            266,
            159,
            423,
            427,
            359,
            443,
            446,
            369,
            451,
            376,
            303,
            238
        ],
        [
            215,
            436,
            437,
            51,
            83,
            229,
            232,
            456,
            466,
            246,
            389,
            475,
            480,
            143,
            99,
            140
        ],
        [
            181,
            243,
            458,
            236,
            170,
            360,
            220,
            430,
            429,
            349,
            421,
            155,
            411,
            410,
            262,
            104,
            68
        ],
        [
            106,
            264,
            334,
            331,
            260,
            403,
            402,
            401,
            325,
            145,
            101,
            314,
            383,
            465,
            378,
            459,
            449,
            295
        ],
        [
            5,
            119,
            348,
            347,
            269,
            327,
            197,
            250,
            474,
            387,
            469,
