{
    "problem_name": "Golden_18",
    "dimension": 301,
    "capacity": 200,
    "best_cost": 2297.202787125137,
    "vehicles_used": 28,
    "total_load": 5400,
    "execution_time_seconds": 100.36700487136841,
    "depot_index": 0,
    "routes": [
        [
            38,
            108,
            130,
            190,
            250,
            72
        ],
        [
            61,
            205,
            187,
            247,
            264,
            122
        ],
        [
            12,
            192,
            257,
            252,
            296,
            297,
            237,
            278,
            227
        ],
        [
            3,
            94,
            101,
            69,
            279,
            150,
            185,
            292,
            172
        ],
        [
            26,
            93,
            39,
            105,
            230,
            191,
            251,
            295,
            246,
            106
        ],
        [
            9,
            215,
            210,
            235,
            294,
            67,
            144,
            83,
            2
        ],
        [
            299,
            11,
            245,
            287,
            158,
            102,
            276,
            275,
            156,
            35
        ],
        [
            29,
            183,
            249,
            280,
            221,
            220,
            109,
            48,
            110,
            177,
            226
        ],
        [
            113,
            179,
            180,
            15,
            18,
            80,
            85,
            207,
            63,
            160,
            223,
            217,
            162
        ],
        [
            22,
            161,
            269,
            154,
            149,
            91,
            20,
            7,
            259,
            193,
            73,
            13,
            231,
            104
        ],
        [
            32,
            27,
            138,
            174,
            54,
            120,
            286,
            131,
            284,
            70,
            115,
            55
        ],
        [
            53,
            195,
            181,
            260,
            265,
            263,
            208,
            213,
            189,
            124,
            167
        ],
        [
            62,
            143,
            23,
            16,
            76,
            59,
            171,
            65,
            277,
            99
        ],
        [
            117,
            176,
            293,
            199,
            140,
            204,
            267,
            128,
            152,
            151,
            31,
            34
        ],
        [
            8,
            206,
            254,
            19,
            78,
            132,
            239,
            298,
            178
        ],
        [
            10,
            169,
            49,
            58,
            137,
            127,
            88,
            212,
            92
        ],
        [
            1,
            135,
            60,
            225,
            37,
            129,
            272,
            266,
            68
        ],
        [
            5,
            40,
            96,
            148,
            147,
            201,
            182,
            79,
            255,
            197,
            14
        ],
        [
            81,
            134,
            87,
            243,
            216,
            95,
            30,
            4,
            44,
            111,
            52
        ],
        [
            84,
            203,
            271,
            123,
            282,
            164,
            290,
            232,
            71,
            66
        ],
        [
            146,
            194,
            242,
            200,
            253,
            196,
            240,
            173,
            166,
            165,
            125,
            98,
            50
        ],
        [
            170,
            291,
            236,
            118,
            17,
            136,
            300,
            256,
            241,
            234,
            145,
            25
        ],
        [
            186,
            107,
            163,
            103,
            157,
            209,
            202,
            248,
            188
        ],
        [
            89,
            36,
            214,
            211,
            33,
            258,
            121,
            6,
            45,
            224,
            222,
            97,
            42
        ],
        [
            46,
            56,
            233,
            77,
            75,
            114,
            198,
            139,
            24,
            74,
            142,
            155,
            43,
            47
        ],
        [
            141,
            86,
            28,
            82,
            219,
            270,
            184,
            229,
            168,
            218,
            51,
            57,
            238,
            133
        ],
        [
            119,
            126,
            175,
            116,
            112,
            285,
            288,
            283,
            159,
            100,
            41,
            90
        ],
        [
            64,
            228,
            289,
            244,
            281,
            274,
            262,
            153,
            273,
            268,
            261,
            21
        ]
    ]
}