{
    "problem_name": "Golden_5",
    "dimension": 201,
    "capacity": 900,
    "best_cost": 7144.986513532717,
    "vehicles_used": 5,
    "total_load": 4000,
    "execution_time_seconds": 46.35528373718262,
    "depot_index": 0,
    "routes": [
        [
            1,
            2,
            3,
            4,
            5,
            6,
            7,
            8,
            9,
            10,
            11,
            12,
            13,
            14,
            15,
            16,
            17,
            18,
            19,
            40,
            21,
            22,
            23,
            24,
            25,
            26,
            27,
            28,
            29,
            30,
            31,
            32,
            33,
            34,
            35,
            36,
            37,
            38,
            58,
            59,
            39,
            20
        ],
        [
            43,
            44,
            45,
            46,
            47,
            48,
            49,
            50,
            51,
            52,
            53,
            54,
            55,
            75,
            95,
            115,
            135,
            155,
            175,
            195,
            194,
            174,
            154,
            134,
            114,
            93,
            113,
            133,
            153,
            173,
            193,
            192,
            172,
            152,
            132,
            112,
            92,
            72
        ],
        [
            60,
            41,
            42,
            62,
            82,
            102,
            122,
            142,
            162,
            182,
            181,
            161,
            141,
            121,
            101,
            81,
            61,
            80,
            100,
            120,
            140,
            160,
            180,
            200,
            199,
            179,
            159,
            139,
            119,
            99,
            79,
            78,
            98,
            118,
            138,
            158,
            178,
            198,
            197,
            177,
            157,
            137,
            117,
            97,
            77,
            57
        ],
        [
            63,
            83,
            103,
            123,
            143,
            163,
            183,
            184,
            164,
            144,
            124,
            104,
            84,
            64,
            65,
            85,
            105,
            125,
            145,
            165,
            185,
            186,
            166,
            146,
            126,
            106,
            86,
            66,
            67,
            87,
            107,
            127,
            147,
            167,
            187,
            188,
            168,
            148,
            128,
            108,
            189,
            169,
            149,
            129,
            109,
            89,
            88,
            68
        ],
        [
            69,
            70,
            90,
            110,
            130,
            150,
            170,
            190,
            191,
            171,
            151,
            131,
            111,
            91,
            71,
            73,
            74,
            94,
            196,
            176,
            156,
            136,
            116,
            96,
            76,
            56
        ]
    ]
}