{
    "problem_name": "Golden_20",
    "dimension": 421,
    "capacity": 200,
    "best_cost": 2095.15080726205,
    "vehicles_used": 38,
    "total_load": 7560,
    "execution_time_seconds": 1339.405920267105,
    "depot_index": 0,
    "routes": [
        [
            38,
            47,
            48,
            107,
            167,
            218,
            158,
            98,
            65,
            105,
            50,
            5,
            45
        ],
        [
            14,
            23,
            74,
            122,
            141,
            86,
            26,
            81,
            62,
            2,
            21
        ],
        [
            22,
            3,
            94,
            149,
            123,
            209,
            154,
            95,
            36,
            35,
            34,
            29
        ],
        [
            37,
            42,
            43,
            102,
            162,
            217,
            157,
            97,
            64,
            90,
            39,
            4,
            30
        ],
        [
            59,
            60,
            119,
            178,
            233,
            186,
            126,
            173,
            118,
            113,
            58,
            53
        ],
        [
            10,
            109,
            168,
            227,
            278,
            245,
            285,
            230,
            171,
            111,
            52
        ],
        [
            54,
            1,
            61,
            114,
            15,
            75,
            174,
            121,
            133,
            73,
            18
        ],
        [
            51,
            110,
            165,
            125,
            170,
            225,
            185,
            108,
            49,
            44,
            103
        ],
        [
            24,
            25,
            20,
            139,
            80,
            7,
            85,
            144,
            84,
            143,
            194,
            134,
            83
        ],
        [
            12,
            77,
            136,
            72,
            240,
            299,
            239,
            180,
            179,
            120
        ],
        [
            40,
            41,
            101,
            160,
            100,
            159,
            210,
            184,
            124,
            150,
            99
        ],
        [
            46,
            106,
            55,
            56,
            57,
            117,
            177,
            236,
            176,
            116,
            115,
            166,
            66
        ],
        [
            153,
            128,
            213,
            188,
            273,
            332,
            391,
            382,
            331,
            272,
            212
        ],
        [
            19,
            78,
            181,
            193,
            138,
            79,
            67,
            145,
            204,
            263,
            314
        ],
        [
            87,
            28,
            33,
            92,
            93,
            152,
            211,
            262,
            243,
            269,
            214,
            155,
            96
        ],
        [
            27,
            146,
            201,
            182,
            261,
            206,
            207,
            148,
            147,
            88,
            8
        ],
        [
            16,
            17,
            76,
            135,
            234,
            195,
            294,
            241,
            313,
            373,
            378,
            318,
            258,
            253,
            198
        ],
        [
            89,
            274,
            334,
            329,
            183,
            202,
            151,
            142,
            91,
            32,
            31,
            82,
            63
        ],
        [
            13,
            199,
            259,
            319,
            260,
            265,
            187,
            200,
            205,
            127,
            140
        ],
        [
            11,
            112,
            71,
            172,
            231,
            290,
            345,
            305,
            338,
            287
        ],
        [
            6,
            238,
            293,
            298,
            353,
            306,
            346,
            295,
            246,
            286,
            235
        ],
        [
            129,
            189,
            281,
            340,
            341,
            249,
            276,
            275,
            216
        ],
        [
            68,
            208,
            267,
            326,
            381,
            362,
            383,
            384,
            324,
            323,
            374
        ],
        [
            9,
            69,
            161,
            221,
            220,
            279,
            330,
            244,
            270,
            219
        ],
        [
            255,
            354,
            301,
            361,
            414,
            315,
            375,
            316,
            257,
            192
        ],
        [
            70,
            164,
            169,
            228,
            229,
            288,
            347,
            398,
            365,
            410,
            405,
            350
        ],
        [
            104,
            163,
            222,
            277,
            337,
            282,
            223,
            224,
            283,
            342,
            397,
            364,
            390,
            339
        ],
        [
            203,
            254,
            242,
            302,
            321,
            266,
            268,
            327,
            386,
            387,
            328,
            333
        ],
        [
            137,
            196,
            132,
            197,
            256,
            300,
            359,
            418,
            366,
            413,
            358
        ],
        [
            131,
            191,
            292,
            251,
            357,
            356,
            297,
            296,
            237
        ],
        [
            130,
            190,
            349,
            310,
            404,
            408,
            407,
            348,
            289
        ],
        [
            280,
            399,
            400,
            401,
            369,
            396,
            309,
            336,
            335,
            394,
            389
        ],
        [
            304,
            343,
            402,
            403,
            370,
            409,
            344,
            250,
            284
        ],
        [
            232,
            291,
            351,
            411,
            352,
            311,
            412,
            371,
            417,
            226,
            175
        ],
        [
            156,
            215,
            271,
            322,
            303,
            363,
            392,
            393,
            308
        ],
        [
            247,
            320,
            379,
            380,
            367,
            385,
            307,
            325,
            264
        ],
        [
            252,
            317,
            376,
            377,
            372,
            420,
            312,
            419,
            360
        ],
        [
            355,
            406,
            415,
            416,
            395,
            368,
