{
    "problem_name": "Golden_13",
    "dimension": 253,
    "capacity": 1000,
    "best_cost": 1008.6497871322252,
    "vehicles_used": 26,
    "total_load": 25136,
    "execution_time_seconds": 445.0663206577301,
    "depot_index": 0,
    "routes": [
        [
            12,
            59,
            138,
            31,
            11
        ],
        [
            4,
            18,
            40,
            70,
            69,
            106,
            68
        ],
        [
            7,
            23,
            47,
            48,
            49,
            50
        ],
        [
            1,
            13,
            33,
            61,
            62,
            99,
            63
        ],
        [
            6,
            22,
            46,
            78,
            79,
            119,
            120
        ],
        [
            9,
            25,
            24,
            8
        ],
        [
            3,
            17,
            39,
            105,
            38,
            16
        ],
        [
            80,
            81,
            82,
            83,
            125,
            174,
            232,
            233,
            175,
            176,
            126,
            84
        ],
        [
            10,
            28,
            54,
            88,
            130,
            237,
            179,
            129
        ],
        [
            5,
            21,
            20,
            41,
            19
        ],
        [
            2,
            36,
            64,
            35,
            34,
            14
        ],
        [
            26,
            52,
            86,
            128,
            127,
            177,
            234,
            235,
            236,
            178,
            238
        ],
        [
            30,
            57,
            91,
            92,
            134,
            183,
            133,
            90,
            56
        ],
        [
            27,
            53,
            87,
            85,
            51,
            123,
            171,
            170,
            225,
            169
        ],
        [
            45,
            77,
            117,
            165,
            221,
            222,
            166,
            118,
            167,
            223,
            224,
            168,
            121
        ],
        [
            32,
            60,
            96,
            140,
            192,
            252,
            193,
            194,
            142,
            143,
            144
        ],
        [
            58,
            94,
            93,
            136,
            135,
            185,
            186,
            246,
            245,
            244,
            243,
            242,
            184
        ],
        [
            29,
            132,
            182,
            241,
            240,
            239,
            181,
            180,
            131,
            89,
            55
        ],
        [
            15,
            65,
            101,
            145,
            146,
            102,
            103,
            66,
            67,
            37
        ],
        [
            42,
            72,
            73,
            111,
            110,
            71,
            109,
            209,
            208,
            207,
            153,
            152
        ],
        [
            76,
            116,
            164,
            163,
            162,
            161,
            160,
            216,
            215,
            214,
            159,
            213,
            212,
            211
        ],
        [
            43,
            75,
            115,
            114,
            74,
            112,
            158,
            157,
            156,
            210,
            155,
            154
        ],
        [
            95,
            139,
            190,
            137,
            189,
            188,
            187,
            247,
            248,
            249,
            250,
            251,
            191,
            141
        ],
        [
            44,
            219,
            218,
            217,
            113,
            108,
            107,
            206,
            205,
            204,
            203,
            149,
            150,
            151
        ],
        [
            97,
            98,
            195,
            196,
            197,
            198,
            199,
            200,
            201,
            147,
            202,
            148,
            104,
            100
        ],
        [
            124,
            172,
            173,
            231,
            230,
            229,
            228,
            227,
            226,
            122,
            220
        ]
    ]
}