{
    "problem_name": "Golden_1",
    "dimension": 241,
    "capacity": 550,
    "best_cost": 6070.1072596075965,
    "vehicles_used": 9,
    "total_load": 4800,
    "execution_time_seconds": 10.740578174591064,
    "depot_index": 0,
    "routes": [
        [
            4,
            5,
            6,
            7,
            8,
            9,
            10,
            11,
            12,
            13,
            14,
            15,
            16,
            17,
            18,
            19,
            20,
            21,
            22,
            60,
            61,
            62,
            23,
            24,
            25,
            26,
            27,
            28,
            29
        ],
        [
            50,
            49,
            48,
            47,
            46,
            86,
            126,
            125,
            85,
            84,
            45,
            44,
            43,
            42,
            2,
            1,
            40,
            39,
            38,
            37,
            36,
            35,
            34,
            33,
            32,
            31,
            30
        ],
        [
            3,
            41,
            80,
            79,
            78,
            77,
            76,
            75,
            74,
            73,
            72,
            71,
            70,
            69,
            68,
            67,
            66,
            65,
            64,
            63,
            59,
            58,
            57,
            56,
            55,
            54,
            53
        ],
        [
            97,
            98,
            99,
            100,
            101,
            102,
            103,
            104,
            105,
            106,
            107,
            108,
            109,
            110,
            111,
            112,
            113,
            114,
            115,
            116,
            117,
            118,
            119,
            120,
            81,
            82,
            83
        ],
        [
            123,
            122,
            121,
            160,
            159,
            158,
            157,
            156,
            155,
            154,
            153,
            152,
            151,
            150,
            149,
            148,
            147,
            146,
            145,
            144,
            143,
            142,
            141,
            140,
            139,
            138,
            96
        ],
        [
            51,
            52,
            92,
            93,
            94,
            135,
            136,
            137,
            177,
            178,
            179,
            180,
            181,
            182,
            183,
            184,
            185,
            186,
            187,
            188,
            189,
            190,
            191,
            192,
            193,
            194,
            195,
            196,
            197
        ],
        [
            225,
            226,
            227,
            228,
            229,
            230,
            231,
            232,
            233,
            234,
            235,
            236,
            237,
            238,
            198,
            199,
            200,
            161,
            162,
            163,
            164,
            124,
            87,
            88,
            89,
            90,
            91
        ],
        [
            95,
            134,
            133,
            132,
            131,
            130,
            129,
            128,
            127,
            171,
            173,
            172,
            211,
            170,
            169,
            168,
            167,
            166,
            165,
            206,
            205,
            204,
            203,
            202,
            201,
            240,
            239
        ],
        [
            224,
            223,
            222,
            221,
            220,
            219,
            218,
            217,
            216,
            215,
            176,
            175,
            174,
            214,
            213,
            212,
            210,
            209,
            208,
            207
        ]
    ]
}