{
    "problem_name": "Golden_13",
    "dimension": 253,
    "capacity": 1000,
    "best_cost": 999.6010826302262,
    "vehicles_used": 26,
    "total_load": 25136,
    "execution_time_seconds": 9.90700364112854,
    "depot_index": 0,
    "routes": [
        [
            4,
            41,
            70,
            108,
            3
        ],
        [
            12,
            32,
            13,
            1
        ],
        [
            2,
            14,
            34,
            62,
            194,
            61,
            33
        ],
        [
            11,
            56,
            91,
            184,
            133,
            90,
            29
        ],
        [
            7,
            23,
            80,
            120,
            225,
            169,
            121,
            48
        ],
        [
            35,
            63,
            64,
            36,
            37,
            15,
            16
        ],
        [
            9,
            27,
            53,
            87,
            88,
            28
        ],
        [
            31,
            59,
            139,
            58,
            30,
            10
        ],
        [
            110,
            209,
            154,
            208,
            207,
            153,
            107,
            69,
            39,
            17
        ],
        [
            60,
            96,
            140,
            95,
            94,
            93,
            57,
            55,
            54
        ],
        [
            22,
            46,
            165,
            117,
            77,
            45,
            6
        ],
        [
            99,
            100,
            101,
            145,
            146,
            198,
            197,
            144,
            196,
            195,
            143,
            142,
            98,
            97
        ],
        [
            26,
            25,
            49,
            24,
            8
        ],
        [
            52,
            86,
            128,
            178,
            127,
            126,
            85,
            84,
            50,
            51
        ],
        [
            138,
            137,
            92,
            136,
            188,
            189,
            190,
            250,
            251,
            191,
            192,
            252,
            193,
            141
        ],
        [
            83,
            125,
            124,
            173,
            231,
            230,
            229,
            228,
            172,
            171,
            123,
            82,
            81
        ],
        [
            5,
            19,
            73,
            74,
            161,
            43
        ],
        [
            47,
            79,
            119,
            168,
            167,
            223,
            222,
            166,
            118,
            78,
            21
        ],
        [
            65,
            102,
            147,
            148,
            149,
            103,
            104,
            66,
            67,
            68,
            38
        ],
        [
            89,
            131,
            132,
            182,
            240,
            181,
            239,
            238,
            237,
            236,
            179,
            180,
            130,
            129
        ],
        [
            183,
            241,
            134,
            135,
            185,
            242,
            243,
            244,
            245,
            246,
            186,
            187,
            247,
            248,
            249
        ],
        [
            71,
            106,
            152,
            105,
            151,
            206,
            205,
            150,
            204,
            203,
            202,
            201,
            200,
            199
        ],
        [
            122,
            227,
            226,
            170,
            224,
            221,
            220,
            219,
            163,
            164,
            116,
            76,
            44
        ],
        [
            42,
            72,
            111,
            112,
            158,
            157,
            211,
            210,
            156,
            155,
            109,
            40
        ],
        [
            115,
            162,
            218,
            217,
            216,
            215,
            160,
            214,
            213,
            212,
            159,
            113,
            114,
            75
        ],
        [
            177,
            235,
            234,
            233,
            232,
            174,
            175,
            176,
            20,
            18
        ]
    ]
}