{
    "problem_name": "Golden_10",
    "dimension": 324,
    "capacity": 1000,
    "best_cost": 1439.354352362433,
    "vehicles_used": 16,
    "total_load": 15195,
    "execution_time_seconds": 515.3015966415405,
    "depot_index": 0,
    "routes": [
        [
            2,
            13,
            62,
            114,
            130,
            181,
            178,
            96,
            36,
            21,
            29,
            22
        ],
        [
            4,
            32,
            49,
            67,
            142,
            160,
            146,
            113,
            85,
            72,
            61,
            26
        ],
        [
            24,
            33,
            34,
            97,
            112,
            98,
            129,
            228,
            241,
            286,
            252,
            263,
            262,
            251,
            211,
            196,
            194,
            158,
            81,
            68
        ],
        [
            30,
            58,
            70,
            109,
            93,
            191,
            234,
            269,
            288,
            248,
            261,
            264,
            253,
            217,
            148,
            214,
            197,
            212,
            162,
            60,
            50,
            25
        ],
        [
            17,
            39,
            37,
            55,
            94,
            124,
            138,
            173,
            190,
            174,
            223,
            195,
            225,
            298,
            283,
            255,
            199,
            216,
            245,
            202,
            187,
            104,
            115,
            74
        ],
        [
            41,
            99,
            75,
            77,
            186,
            203,
            218,
            230,
            243,
            256,
            278,
            227,
            213,
            145,
            127,
            177,
            208,
            235,
            207,
            175,
            156,
            140,
            110,
            82,
            47
        ],
        [
            8,
            18,
            51,
            52,
            117,
            135,
            150,
            147,
            182,
            183,
            257,
            307,
            312,
            320,
            321,
            318,
            314,
            306,
            304,
            296,
            224,
            126
        ],
        [
            42,
            35,
            64,
            167,
            200,
            268,
            313,
            311,
            299,
            274,
            290,
            281,
            271,
            259,
            221,
            206,
            220,
            205,
            171,
            137,
            105,
            106,
            123,
            141,
            108,
            66,
            56,
            57
        ],
        [
            3,
            6,
            38,
            59,
            121,
            154,
            176,
            238,
            272,
            297,
            305,
            308,
            265,
            277,
            267,
            232,
            169,
            168,
            90,
            102,
            44
        ],
        [
            10,
            48,
            95,
            125,
            80,
            107,
            155,
            233,
            192,
            159,
            193,
            250,
            273,
            275,
            302,
            287,
            185,
            103,
            100,
            144,
            20,
            14
        ],
        [
            1,
            11,
            143,
            163,
            166,
            131,
            73,
            19,
            12
        ],
        [
            5,
            86,
            101,
            164,
            180,
            179,
            285,
            284,
            300,
            322,
            319,
            315,
            270,
            260,
            236,
            222,
            209,
            111,
            23,
            16
        ],
        [
            15,
            91,
            120,
            136,
            139,
            258,
            247,
            249,
            280,
            309,
            310,
            323,
            317,
            293,
            292,
            240,
            198,
            165,
            184,
            231,
            152,
            119,
            118,
            65,
            76,
            88,
            116,
            87,
            63
        ],
        [
            31,
            40,
            128,
            161,
            210,
            239,
            282,
            291,
            303,
            316,
            301,
            294,
            276,
            254,
            201,
            170,
            134,
            133,
            132,
            54,
            43,
            9
        ],
        [
            7,
            71,
            83,
            84,
            151,
            244,
            295,
            266,
            237,
            289,
            279,
            246,
            172,
            157,
            122,
            92,
            78,
            79,
            45,
            46,
            28
        ],
        [
            27,
            53,
            89,
            149,
            215,
            229,
            242,
            226,
            219,
            204,
            189,
            188,
            153,
            69
        ]
    ]
}