{
    "problem_name": "Golden_15",
    "dimension": 397,
    "capacity": 1000,
    "best_cost": 1565.404715076421,
    "vehicles_used": 33,
    "total_load": 32244,
    "execution_time_seconds": 112.73424363136292,
    "depot_index": 0,
    "routes": [
        [
            5,
            20,
            43,
            110,
            42,
            19
        ],
        [
            6,
            45,
            77,
            117,
            118,
            46,
            22
        ],
        [
            3,
            38,
            68,
            106,
            107,
            39,
            17
        ],
        [
            21,
            44,
            75,
            114,
            161,
            113,
            74,
            73,
            41
        ],
        [
            10,
            28,
            27,
            9
        ],
        [
            29,
            56,
            30,
            31,
            11
        ],
        [
            8,
            84,
            125,
            297,
            232,
            175,
            51,
            26
        ],
        [
            54,
            88,
            130,
            180,
            238,
            237,
            179,
            129,
            86,
            87,
            53
        ],
        [
            103,
            148,
            201,
            262,
            331,
            102,
            36,
            15,
            2
        ],
        [
            12,
            59,
            139,
            32,
            1
        ],
        [
            95,
            94,
            138,
            190,
            189,
            249,
            248,
            188,
            136,
            137,
            93,
            58
        ],
        [
            16,
            67,
            105,
            104,
            66,
            37,
            35,
            14
        ],
        [
            7,
            23,
            24,
            25,
            52
        ],
        [
            115,
            216,
            351,
            279,
            215,
            160,
            159,
            112,
            111,
            72,
            4
        ],
        [
            76,
            162,
            217,
            280,
            353,
            281,
            282,
            218,
            219,
            163,
            164,
            116,
            78,
            47
        ],
        [
            48,
            49,
            81,
            122,
            171,
            292,
            228,
            172,
            123,
            82,
            50
        ],
        [
            34,
            63,
            99,
            143,
            98,
            62,
            61,
            33,
            13
        ],
        [
            18,
            40,
            70,
            108,
            154,
            209,
            208,
            207,
            153,
            152,
            69
        ],
        [
            60,
            96,
            140,
            191,
            251,
            319,
            396,
            320,
            252,
            192,
            193,
            142,
            141,
            97
        ],
        [
            151,
            150,
            149,
            202,
            263,
            332,
            200,
            199,
            147,
            146,
            145,
            101,
            65,
            64
        ],
        [
            158,
            213,
            214,
            276,
            346,
            345,
            275,
            274,
            212,
            273,
            211,
            157,
            156,
            155,
            109,
            71
        ],
        [
            80,
            120,
            121,
            169,
            225,
            289,
            361,
            360,
            288,
            224,
            168,
            167,
            119,
            79
        ],
        [
            57,
            92,
            135,
            186,
            246,
            245,
            313,
            312,
            311,
            244,
            185,
            134,
            91
        ],
        [
            210,
            272,
            342,
            341,
            271,
            270,
            340,
            339,
            338,
            337,
            336,
            335,
            265,
            266,
            267,
            205,
            206,
            268,
            269
        ],
        [
            170,
            226,
            227,
            291,
            363,
            364,
            365,
            293,
            229,
            173,
            174,
            124,
            83,
            126,
            85
        ],
        [
            343,
            344,
            347,
            348,
            349,
            350,
            278,
            277,
            352,
            354,
            355,
            356,
            283,
            284,
            220,
            221,
            222,
            166,
            165
        ],
        [
            128,
            178,
            236,
            302,
            376,
            375,
            374,
            299,
            300,
            301,
            235,
            234,
            233,
            176,
            177,
            127
        ],
        [
            223,
            287,
            286,
            285,
            357,
            358,
            359,
            362,
            290,
            303,
            304,
            239,
            181,
            131,
            89,
            55
        ],
        [
            250,
            317,
            318,
            394,
            395,
            321,
            322,
            253,
            254,
            323,
            255,
            194,
            195,
            196,
            257,
            197,
            144,
            100
        ],
        [
            204,
            203,
            334,
            333,
            264,
            198,
            259,
            260,
            261,
            330,
            329,
            328,
            327,
            258,
            326,
            325,
            324,
            256,
            133
        ],
        [
            90,
            183,
            184,
            242,
            308,
            382,
            381,
            307,
            241,
            240,
            306,
            380,
            379,
            305,
            182,
            132
        ],
        [
            187,
            247,
            314,
            315,
            316,
            393,
            392,
            391,
            390,
            389,
            388,
            387,
            386,
            385,
            384,
            383,
            309,
            310,
            243
        ],
        [
            231,
            230,
            294,
            366,
            367,
            368,
            369,
            295,
            296,
            370,
            371,
            298,
            372,
            373,
            377,
            378
        ]
    ]
}