{
    "problem_name": "Golden_11",
    "dimension": 400,
    "capacity": 1000,
    "best_cost": 1096.6786168887525,
    "vehicles_used": 18,
    "total_load": 16980,
    "execution_time_seconds": 1326.56520986557,
    "depot_index": 0,
    "routes": [
        [
            1,
            3,
            6,
            10,
            15,
            21,
            28,
            37
        ],
        [
            2,
            5,
            9,
            14,
            20,
            27,
            35,
            43
        ],
        [
            4,
            7,
            38,
            47,
            29,
            22,
            16,
            11
        ],
        [
            8,
            12,
            17,
            23,
            39,
            48,
            58,
            69,
            81,
            30
        ],
        [
            18,
            40,
            143,
            160,
            142,
            125,
            110,
            96,
            82,
            70,
            59,
            49,
            31,
            24
        ],
        [
            25,
            115,
            101,
            116,
            132,
            149,
            166,
            185,
            167,
            186,
            206,
            187,
            168,
            150,
            133,
            117,
            102,
            88,
            75,
            63,
            52,
            42,
            33
        ],
        [
            13,
            19,
            26,
            34,
            53,
            293,
            308,
            294,
            279,
            263,
            246,
            228,
            209,
            189,
            170,
            152,
            135,
            119,
            104,
            90,
            77,
            65,
            54,
            44
        ],
        [
            36,
            45,
            55,
            66,
            78,
            91,
            105,
            120,
            136,
            153,
            171,
            190,
            210,
            191,
            172,
            154,
            173,
            193,
            213,
            194,
            175,
            156,
            138,
            122,
            107,
            123,
            139,
            157,
            140,
            124,
            109
        ],
        [
            60,
            97,
            127,
            112,
            128,
            144,
            161,
            179,
            199,
            218,
            236,
            253,
            217,
            235,
            216,
            197,
            177,
            126,
            111,
            83,
            71
        ],
        [
            85,
            129,
            182,
            202,
            221,
            240,
            257,
            274,
            290,
            304,
            317,
            341,
            352,
            362,
            370,
            377,
            376,
            369,
            361,
            351,
            329,
            303,
            288,
            289,
            273,
            163,
            145,
            113,
            98
        ],
        [
            46,
            56,
            67,
            79,
            93,
            108,
            195,
            214,
            232,
            250,
            266,
            282,
            267,
            251,
            283,
            298,
            284,
            269,
            268,
            252,
            176,
            158,
            141,
            94,
            80,
            68,
            95,
            57
        ],
        [
            32,
            41,
            51,
            86,
            99,
            114,
            130,
            147,
            165,
            203,
            222,
            241,
            223,
            204,
            184,
            148,
            131,
            100,
            87,
            74,
            62
        ],
        [
            50,
            72,
            84,
            162,
            180,
            271,
            286,
            300,
            314,
            287,
            272,
            256,
            239,
            220,
            200,
            181,
            201,
            183,
            164,
            146,
            73,
            61
        ],
        [
            159,
            196,
            215,
            234,
            233,
            281,
            265,
            249,
            231,
            212,
            192,
            211,
            229,
            247,
            264,
            280,
            295,
            309,
            296,
            310,
            322,
            334,
            345,
            355,
            364,
            372,
            379,
            385,
            380,
            386,
            381,
            375,
            368,
            359,
            367,
            374,
            198,
            178
        ],
        [
            219,
            237,
            254,
            270,
            285,
            299,
            312,
            313,
            325,
            347,
            336,
            324,
            311,
            297,
            323,
            335,
            346,
            356,
            365,
            373,
            366,
            358,
            357,
            337,
            326,
            338,
            348,
            349,
            339,
            328,
            315,
            302,
            255,
            238
        ],
        [
            258,
            275,
            291,
            306,
            305,
            319,
            332,
            343,
            331,
            342,
            353,
            363,
            354,
            344,
            333,
            321,
            307,
            292,
            277,
            276,
            259,
            242,
            260,
            224,
            243,
            261,
            278,
            262,
            244,
            226,
            245,
            227,
            208,
            188,
            169,
            151,
            207,
            225,
            205
        ],
        [
            92,
            106,
            121,
            137,
            155,
            174,
            230,
            248,
            301,
            327,
            316,
            340,
            350,
            360,
            383,
            388,
            382,
            387,
            390,
            394,
            391,
            392,
            395,
            397,
            399,
            398,
            396,
            393,
            389,
            384,
            378,
            371,
            330,
            318,
            320,
            134,
            118
        ],
        [
            64,
            76,
            89,
            103
        ]
    ]
}