{
    "problem_name": "Golden_5",
    "dimension": 201,
    "capacity": 900,
    "best_cost": 10422.5032228554,
    "vehicles_used": 5,
    "total_load": 4000,
    "execution_time_seconds": 1355.341799736023,
    "depot_index": 0,
    "routes": [
        [
            67,
            87,
            107,
            86,
            125,
            165,
            143,
            103,
            102,
            82,
            62,
            2,
            20,
            180,
            200,
            179,
            159,
            139,
            99,
            78,
            37,
            35,
            75,
            95,
            155,
            175,
            195,
            194,
            174,
            154,
            193,
            173,
            112,
            92,
            72,
            71,
            11,
            12
        ],
        [
            1,
            19,
            18,
            38,
            79,
            98,
            118,
            117,
            97,
            77,
            56,
            55,
            74,
            114,
            134,
            192,
            172,
            152,
            131,
            110,
            90,
            70,
            89,
            128,
            148,
            167,
            146,
            166,
            186,
            185,
            145,
            104,
            43,
            26,
            48,
            49,
            28,
            29,
            31,
            34,
            14,
            13
        ],
        [
            9,
            3,
            4,
            25,
            24,
            44,
            64,
            84,
            85,
            65,
            45,
            46,
            68,
            88,
            108,
            109,
            130,
            150,
            170,
            190,
            191,
            171,
            151,
            132,
            153,
            133,
            113,
            93,
            94,
            73,
            52,
            53,
            54,
            76,
            137,
            157,
            158,
            178,
            198,
            199,
            160,
            140,
            101,
            81,
            60,
            41,
            22,
            21,
            40,
            39,
            58,
            36,
            16,
            17
        ],
        [
            5,
            8,
            10,
            33,
            32,
            51,
            50,
            69,
            129,
            149,
            169,
            189,
            188,
            127,
            105,
            124,
            144,
            164,
            184,
            183,
            163,
            123,
            83,
            63,
            42,
            61,
            122,
            142,
            162,
            182,
            181,
            161,
            141,
            121,
            120,
            100,
            119,
            138,
            177,
            197,
            196,
            176,
            156,
            136,
            135,
            115,
            116,
            96,
            57,
            59,
            80
        ],
        [
            15,
            30,
            91,
            111,
            168,
            187,
            147,
            126,
            106,
            66,
            47,
            27,
            7,
            6,
            23
        ]
    ]
}