{
    "problem_name": "Golden_5",
    "dimension": 201,
    "capacity": 900,
    "best_cost": 6986.316153814945,
    "vehicles_used": 5,
    "total_load": 4000,
    "execution_time_seconds": 345.0156373977661,
    "depot_index": 0,
    "routes": [
        [
            5,
            6,
            27,
            47,
            67,
            87,
            107,
            127,
            147,
            167,
            187,
            186,
            166,
            146,
            126,
            106,
            86,
            26,
            25,
            24,
            4,
            3,
            2,
            1,
            20,
            19,
            18,
            17,
            16,
            15,
            14,
            13,
            12,
            11,
            10,
            9,
            8,
            7
        ],
        [
            28,
            29,
            49,
            48,
            68,
            88,
            108,
            128,
            148,
            168,
            188,
            189,
            169,
            149,
            129,
            109,
            89,
            69,
            70,
            90,
            110,
            130,
            150,
            170,
            190,
            191,
            171,
            151,
            131,
            111,
            91,
            71,
            51,
            50,
            30,
            31,
            32,
            33,
            34,
            35,
            36,
            37,
            38,
            39,
            40,
            21
        ],
        [
            22,
            23,
            43,
            44,
            45,
            46,
            66,
            65,
            85,
            105,
            125,
            145,
            165,
            185,
            184,
            164,
            144,
            124,
            104,
            84,
            83,
            103,
            123,
            143,
            163,
            183,
            182,
            162,
            142,
            122,
            102,
            101,
            121,
            141,
            161,
            181,
            200,
            180,
            160,
            140,
            120,
            100,
            80,
            60,
            59,
            58,
            57,
            56,
            55,
            54
        ],
        [
            64,
            63,
            42,
            62,
            82,
            81,
            61,
            41,
            77,
            97,
            117,
            137,
            157,
            177,
            197,
            196,
            176,
            156,
            136,
            116,
            96,
            76,
            75,
            95,
            115,
            135,
            155,
            175,
            195,
            194,
            174,
            154,
            134,
            114,
            94,
            74,
            53,
            73,
            93,
            113,
            133,
            153,
            173,
            193,
            192,
            172,
            152,
            132,
            112,
            92,
            72,
            52
        ],
        [
            78,
            98,
            118,
            138,
            158,
            178,
            198,
            199,
            179,
            159,
            139,
            119,
            99,
            79
        ]
    ]
}