{
    "problem_name": "Golden_2",
    "dimension": 321,
    "capacity": 700,
    "best_cost": 9617.810564516993,
    "vehicles_used": 10,
    "total_load": 6400,
    "execution_time_seconds": 18.319117546081543,
    "depot_index": 0,
    "routes": [
        [
            2,
            1,
            40,
            39,
            38,
            37,
            36,
            35,
            34,
            33,
            32,
            31,
            30,
            29,
            28,
            27,
            26,
            25,
            24,
            23,
            22,
            21,
            20,
            19,
            18,
            17,
            16,
            15,
            14,
            13,
            12,
            11,
            10,
            9,
            8,
            5
        ],
        [
            7,
            6,
            4,
            3,
            43,
            42,
            41,
            80,
            79,
            78,
            77,
            76,
            75,
            74,
            73,
            72,
            71,
            70,
            69,
            68,
            67,
            66,
            65,
            64,
            63,
            62,
            61,
            60,
            59,
            58,
            57,
            56,
            55,
            53
        ],
        [
            45,
            46,
            47,
            48,
            49,
            50,
            51,
            52,
            54,
            94,
            93,
            92,
            91,
            90,
            89,
            88,
            87,
            86,
            85,
            84,
            83,
            82,
            81,
            120,
            119,
            118,
            117,
            116,
            115,
            114,
            113,
            112,
            111,
            110
        ],
        [
            44,
            124,
            125,
            126,
            127,
            128,
            129,
            130,
            131,
            132,
            133,
            134,
            135,
            136,
            137,
            138,
            139,
            140,
            141,
            142,
            143,
            144,
            145,
            146,
            147,
            148,
            149,
            150,
            151,
            152,
            153,
            154,
            155,
            156,
            157,
            158
        ],
        [
            95,
            96,
            97,
            98,
            99,
            100,
            101,
            102,
            103,
            104,
            105,
            106,
            107,
            108,
            109,
            189,
            190,
            191,
            192,
            193,
            194,
            195,
            196,
            197,
            198,
            199,
            200,
            161,
            162,
            163,
            164,
            165,
            166,
            167,
            168,
            169
        ],
        [
            122,
            121,
            160,
            159,
            239,
            240,
            201,
            202,
            203,
            204,
            205,
            206,
            207,
            208,
            209,
            210,
            211,
            212,
            213,
            214,
            215,
            216,
            217,
            218,
            219,
            220,
            221,
            222,
            223,
            224,
            225,
            226,
            227,
            228,
            269,
            229
        ],
        [
            123,
            243,
            283,
            284,
            244,
            245,
            285,
            286,
            246,
            247,
            287,
            288,
            248,
            249,
            289,
            290,
            250,
            251,
            291,
            292,
            252,
            253,
            293,
            294,
            254,
            255,
            295,
            296,
            256,
            257,
            297,
            298,
            258,
            259
        ],
        [
            172,
            173,
            174,
            175,
            176,
            177,
            178,
            179,
            180,
            181,
            182,
            183,
            184,
            185,
            186,
            187,
            188,
            230,
            231,
            232,
            273,
            313,
            275,
            315,
            316,
            276,
            277,
            317,
            318,
            278,
            238,
            237,
            236,
            235,
            234,
            233
        ],
        [
            171,
            170,
            242,
            282,
            281,
            241,
            280,
            320,
            319,
            279,
            274,
            314,
            312,
            272,
            271,
            311,
            310,
            270,
            309,
            308,
            268,
            267,
            307,
            306,
            266,
            265,
            305,
            304,
            264,
            263,
            303,
            302
        ],
        [
            260,
            299,
            300,
            301,
            261,
            262
        ]
    ]
}