{
    "problem_name": "Golden_17",
    "dimension": 241,
    "capacity": 200,
    "best_cost": 799.5540711768057,
    "vehicles_used": 22,
    "total_load": 4320,
    "execution_time_seconds": 390.8668656349182,
    "depot_index": 0,
    "routes": [
        [
            46,
            55,
            56,
            57,
            117,
            116,
            106,
            66,
            113,
            58,
            6,
            53
        ],
        [
            37,
            42,
            97,
            64,
            150,
            210,
            159,
            99,
            40,
            39,
            90,
            4,
            30
        ],
        [
            22,
            31,
            32,
            91,
            151,
            202,
            142,
            82,
            63,
            89,
            34,
            3,
            29
        ],
        [
            69,
            156,
            215,
            129,
            216,
            189,
            221,
            220,
            161
        ],
        [
            71,
            172,
            231,
            232,
            191,
            237,
            131,
            236,
            177
        ],
        [
            51,
            110,
            165,
            125,
            218,
            227,
            168,
            167,
            108,
            49,
            48,
            107,
            158
        ],
        [
            27,
            86,
            141,
            122,
            134,
            83,
            24,
            23,
            74,
            62,
            81,
            26
        ],
        [
            54,
            15,
            16,
            75,
            135,
            234,
            174,
            114,
            61,
            73,
            18,
            1,
            13
        ],
        [
            38,
            98,
            47,
            109,
            70,
            169,
            65,
            105,
            50,
            5,
            45
        ],
        [
            152,
            93,
            8,
            28,
            87,
            146,
            201,
            182,
            194,
            143,
            84
        ],
        [
            14,
            2,
            21,
            88,
            147,
            148,
            68,
            153,
            212,
            211,
            92
        ],
        [
            19,
            79,
            80,
            139,
            205,
            200,
            199,
            198,
            138,
            193,
            121,
            133,
            78
        ],
        [
            35,
            36,
            95,
            155,
            214,
            154,
            209,
            183,
            123,
            149,
            94
        ],
        [
            43,
            102,
            157,
            162,
            217,
            184,
            219,
            160,
            101,
            96,
            9,
            41
        ],
        [
            59,
            119,
            178,
            233,
            186,
            226,
            175,
            115,
            166,
            126,
            173,
            118
        ],
        [
            33,
            213,
            188,
            208,
            128,
            207,
            206,
            203,
            144,
            85,
            25,
            20
        ],
        [
            12,
            77,
            195,
            196,
            137,
            72,
            180,
            239,
            238,
            179,
            120
        ],
        [
            7,
            67,
            145,
            204,
            187,
            127,
            140
        ],
        [
            44,
            104,
            164,
            130,
            229,
            190,
            224,
            223,
            222,
            163,
            103
        ],
        [
            60,
            132,
            240,
            192,
            197,
            136,
            181,
            76,
            17
        ],
        [
            52,
            111,
            170,
            225,
            185,
            230,
            171,
            112,
            11,
            176,
            235
        ],
        [
            100,
            124,
            10,
            228
        ]
    ]
}