{
    "problem_name": "Golden_3",
    "dimension": 401,
    "capacity": 900,
    "best_cost": 11988.315438673892,
    "vehicles_used": 9,
    "total_load": 8000,
    "execution_time_seconds": 1422.0855612754822,
    "depot_index": 0,
    "routes": [
        [
            7,
            49,
            48,
            47,
            46,
            45,
            44,
            6,
            5,
            4,
            3,
            2,
            1,
            40,
            39,
            38,
            37,
            36,
            35,
            34,
            33,
            32,
            31,
            30,
            29,
            28,
            27,
            26,
            25,
            24,
            23,
            22,
            21,
            20,
            19,
            18,
            17,
            16,
            15,
            14,
            13,
            12,
            11,
            10,
            9,
            8
        ],
        [
            60,
            61,
            62,
            63,
            104,
            184,
            185,
            105,
            106,
            107,
            108,
            109,
            110,
            111,
            112,
            113,
            114,
            115,
            116,
            117,
            118,
            119,
            120,
            81,
            82,
            83,
            43,
            42,
            41,
            80,
            79,
            78,
            77,
            76,
            75,
            74,
            73,
            72,
            71,
            70,
            69,
            68,
            67,
            66,
            65,
            64
        ],
        [
            51,
            52,
            134,
            133,
            132,
            131,
            130,
            129,
            128,
            127,
            126,
            125,
            124,
            123,
            122,
            121,
            160,
            159,
            158,
            157,
            156,
            155,
            154,
            153,
            152,
            151,
            150,
            149,
            148,
            147,
            146,
            145,
            144,
            143,
            103,
            102,
            101,
            59,
            58,
            57,
            56,
            55,
            54,
            53
        ],
        [
            50,
            90,
            91,
            92,
            93,
            94,
            95,
            96,
            97,
            98,
            99,
            100,
            139,
            138,
            137,
            136,
            135,
            175,
            176,
            177,
            178,
            179,
            180,
            220,
            221,
            222,
            263,
            304,
            344,
            384,
            385,
            345,
            346,
            306,
            266,
            305,
            265,
            264,
            224,
            223,
            183,
            182,
            181,
            140,
            141,
            142
        ],
        [
            186,
            187,
            188,
            189,
            190,
            191,
            192,
            193,
            194,
            195,
            196,
            197,
            198,
            199,
            200,
            161,
            162,
            163,
            164,
            165,
            166,
            167,
            168,
            169,
            170,
            171,
            172,
            173,
            174,
            214,
            254,
            294,
            334,
            374,
            375,
            335,
            295,
            255,
            215,
            216
        ],
        [
            84,
            203,
            243,
            204,
            205,
            245,
            285,
            325,
            365,
            366,
            326,
            286,
            246,
            206,
            207,
            208,
            248,
            288,
            328,
            368,
            369,
            329,
            289,
            249,
            290,
            330,
            370,
            371,
            331,
            291,
            292,
            332,
            372,
            373,
            333,
            293,
            253,
            213,
            212,
            252,
            251,
            211,
            250,
            210,
            209,
            89,
            88,
            87,
            86,
            85
        ],
        [
            238,
            237,
            236,
            276,
            316,
            356,
            396,
            397,
            357,
            317,
            277,
            278,
            318,
            358,
            398,
            399,
            359,
            319,
            279,
            239,
            240,
            280,
            320,
            360,
            400,
            361,
            321,
            281,
            241,
            201,
            202,
            242,
            282,
            322,
            362,
            363,
            323,
            283,
            244,
            284,
            324,
            364,
            367,
            327,
            287,
            247
        ],
        [
            235,
            275,
            315,
            355,
            395,
            394,
            354,
            314,
            274,
            234,
            233,
            273,
            313,
            353,
            393,
            392,
            352,
            312,
            272,
            232,
            231,
            271,
            311,
            351,
            391,
            390,
            350,
            310,
            270,
            230,
            229,
            269,
            309,
            349,
            389,
            388,
            348,
            308,
            268,
            228,
            227,
            267,
            226,
            225
        ],
        [
            307,
            347,
            387,
            386,
            303,
            343,
            383,
            382,
            342,
            302,
            262,
            261,
            301,
            341,
            381,
            380,
            340,
            300,
            260,
            219,
            259,
            299,
            339,
            379,
            378,
            338,
            298,
            258,
            218,
            217,
            257,
            297,
            337,
            377,
            376,
            336,
            296,
            256
        ]
    ]
}