{
    "problem_name": "Golden_15",
    "dimension": 397,
    "capacity": 1000,
    "best_cost": 3571.214950115199,
    "vehicles_used": 35,
    "total_load": 32244,
    "execution_time_seconds": 160.9656059741974,
    "depot_index": 0,
    "routes": [
        [
            3,
            1,
            139,
            314,
            385,
            310,
            59
        ],
        [
            6,
            81,
            160,
            158,
            152,
            67,
            65
        ],
        [
            2,
            109,
            112,
            114,
            354,
            166,
            117,
            78,
            44
        ],
        [
            20,
            299,
            375,
            237,
            239,
            89,
            28,
            11
        ],
        [
            76,
            355,
            73,
            157,
            273,
            341,
            271,
            108,
            151,
            98,
            323,
            248,
            32
        ],
        [
            77,
            72,
            40,
            395,
            317,
            313,
            388,
            387,
            185,
            182,
            181,
            303,
            376
        ],
        [
            8,
            51,
            53,
            180,
            311,
            252,
            258,
            94
        ],
        [
            111,
            215,
            25,
            9,
            12
        ],
        [
            55,
            7,
            5,
            70,
            206
        ],
        [
            16,
            191,
            27,
            373,
            230,
            229,
            228,
            169,
            358,
            282,
            48
        ],
        [
            145,
            146,
            262,
            330,
            259,
            325,
            194,
            189,
            135,
            244,
            183,
            238,
            374,
            298,
            366,
            227,
            289
        ],
        [
            14,
            29,
            56,
            131,
            240,
            128,
            300,
            176,
            121
        ],
        [
            87,
            120,
            222,
            110,
            18,
            100,
            253,
            312,
            382,
            309,
            186,
            95
        ],
        [
            10,
            54,
            26,
            49,
            225,
            224,
            286,
            113
        ],
        [
            69,
            213,
            163,
            164,
            170,
            292,
            295,
            378,
            58,
            187,
            247,
            319,
            143
        ],
        [
            52,
            291,
            174,
            125,
            57,
            33,
            62,
            37,
            15
        ],
        [
            190,
            389,
            308,
            133,
            83,
            367,
            290,
            226,
            167,
            161,
            276,
            345,
            24
        ],
        [
            178,
            171,
            122,
            22,
            42,
            75,
            279,
            277,
            270,
            339
        ],
        [
            17,
            96,
            138,
            394,
            391,
            306,
            304,
            179,
            233,
            84,
            50
        ],
        [
            43,
            211,
            209,
            208,
            154,
            148,
            257,
            137,
            92,
            134,
            379,
            132,
            91
        ],
        [
            86,
            242,
            184,
            251,
            193,
            256,
            144,
            103,
            340,
            219,
            285,
            223,
            118,
            46
        ],
        [
            115,
            162,
            159,
            281,
            348,
            343,
            338,
            336,
            202,
            66,
            250,
            245,
            301,
            235,
            363,
            119
        ],
        [
            357,
            360,
            364,
            296,
            232,
            127,
            88,
            61,
            142,
            327,
            329,
            199,
            147,
            203,
            68
        ],
        [
            90,
            241,
            380,
            315,
            93,
            31,
            102,
            328,
            265,
            107,
            41,
            220
        ],
        [
            13,
            129,
            302,
            307,
            243,
            393,
            396,
            326,
            39,
            116,
            280,
            351,
            356,
            287
        ],
        [
            106,
            105,
            268,
            150,
            196,
            254,
            192,
            188,
            236,
            372,
            85,
            168,
            23
        ],
        [
            384,
            383,
            381,
            126,
            82,
            288,
            218,
            349,
            278,
            156,
            155,
            266,
            200,
            64,
            71
        ],
        [
            35,
            99,
            195,
            334,
            104,
            153,
            210,
            275,
            165,
            361,
            362,
            297,
            175,
            123
        ],
        [
            19,
            352,
            353,
            80,
            172,
            294,
            231,
            371,
            234,
            377,
            305,
            136,
            97
        ],
        [
            255,
            140,
            60,
            177,
            124,
            79,
            47,
            21,
            74,
            342
        ],
        [
            34,
            249,
            246,
            386,
            390,
            392,
            320,
            331,
            264,
            204,
            337,
            212,
            221,
            293,
            173
        ],
        [
            130,
            30,
            324,
            197,
            263,
            149,
            36,
            38,
            274,
            214,
            45
        ],
        [
            141,
            318,
            321,
            322,
            101,
            201,
            332,
            333,
            205,
            207,
            272,
            346,
            347,
            350,
            216,
            217,
            283,
            284
        ],
        [
            370,
            369,
            368,
            365,
            359,
            344,
            269,
            267,
            335,
            261,
            260,
            198,
            63,
            316
        ],
        [
            4
        ]
    ]
}