{
    "problem_name": "Golden_14",
    "dimension": 321,
    "capacity": 1000,
    "best_cost": 1274.3613040324967,
    "vehicles_used": 30,
    "total_load": 28672,
    "execution_time_seconds": 74.38312339782715,
    "depot_index": 0,
    "routes": [
        [
            12,
            32,
            13,
            1
        ],
        [
            26,
            85,
            86,
            52,
            27,
            9
        ],
        [
            14,
            35,
            63,
            100,
            144,
            195,
            143,
            99,
            62,
            34
        ],
        [
            82,
            123,
            172,
            229,
            124,
            50,
            25,
            8
        ],
        [
            5,
            42,
            73,
            158,
            111,
            72,
            19
        ],
        [
            10,
            89,
            240,
            306,
            181,
            131,
            54,
            28
        ],
        [
            7,
            23,
            22,
            6
        ],
        [
            3,
            17,
            39,
            107,
            4
        ],
        [
            33,
            61,
            252,
            96,
            60,
            31,
            11
        ],
        [
            29,
            56,
            91,
            134,
            92,
            93,
            57,
            30
        ],
        [
            88,
            132,
            182,
            241,
            307,
            308,
            309,
            242,
            184,
            183,
            133,
            90,
            55
        ],
        [
            59,
            138,
            137,
            188,
            187,
            186,
            185,
            135,
            136,
            94,
            58
        ],
        [
            46,
            78,
            118,
            166,
            221,
            165,
            117,
            77,
            45,
            21
        ],
        [
            51,
            84,
            126,
            176,
            125,
            83,
            81,
            49,
            24
        ],
        [
            47,
            79,
            119,
            167,
            223,
            287,
            288,
            224,
            168,
            120,
            80,
            48
        ],
        [
            95,
            139,
            191,
            190,
            189,
            248,
            247,
            246,
            245,
            313,
            312,
            311,
            310,
            244,
            243
        ],
        [
            53,
            87,
            129,
            128,
            127,
            178,
            179,
            237,
            303,
            304,
            238,
            180,
            130
        ],
        [
            64,
            101,
            146,
            199,
            201,
            66,
            15,
            2
        ],
        [
            18,
            40,
            70,
            108,
            109,
            71,
            41,
            20
        ],
        [
            140,
            192,
            251,
            319,
            320,
            253,
            193,
            141,
            97,
            98,
            37,
            16
        ],
        [
            177,
            235,
            234,
            233,
            175,
            174,
            173,
            230,
            231,
            232,
            298,
            299,
            300,
            301,
            302,
            236
        ],
        [
            38,
            67,
            105,
            104,
            150,
            204,
            205,
            151,
            152,
            106,
            68,
            69
        ],
        [
            36,
            65,
            103,
            149,
            102,
            145,
            197,
            257,
            196,
            256,
            255,
            254,
            194,
            142
        ],
        [
            268,
            267,
            266,
            265,
            264,
            263,
            262,
            261,
            260,
            259,
            258,
            198,
            200,
            147,
            202,
            203,
            148
        ],
        [
            44,
            75,
            114,
            161,
            217,
            216,
            279,
            215,
            160,
            113,
            74,
            43
        ],
        [
            110,
            156,
            157,
            211,
            273,
            272,
            210,
            209,
            271,
            270,
            269,
            206,
            207,
            153,
            154,
            155
        ],
        [
            222,
            286,
            285,
            284,
            283,
            282,
            218,
            219,
            220,
            164,
            163,
            162,
            115,
            116,
            76
        ],
        [
            121,
            169,
            225,
            112,
            159,
            214,
            281,
            280,
            278,
            277,
            276,
            275,
            213,
            212,
            274,
            208
        ],
        [
            239,
            305,
            297,
            296,
            295,
            294,
            293,
            292,
            291,
            228,
            227,
            290,
            289,
            226,
            171,
            170,
            122
        ],
        [
            249,
            314,
            315,
            316,
            317,
            318,
            250
        ]
    ]
}