{
    "problem_name": "Golden_3",
    "dimension": 401,
    "capacity": 900,
    "best_cost": 12632.026759276003,
    "vehicles_used": 9,
    "total_load": 8000,
    "execution_time_seconds": 770.8372411727905,
    "depot_index": 0,
    "routes": [
        [
            18,
            19,
            20,
            21,
            22,
            23,
            24,
            25,
            26,
            27,
            28,
            29,
            30,
            31,
            32,
            33,
            34,
            35,
            36,
            37,
            76,
            77,
            78,
            79,
            80,
            41,
            38,
            39,
            40,
            1,
            2,
            3,
            4,
            5,
            6,
            7,
            8,
            9,
            10,
            11,
            12,
            13,
            14,
            15,
            16,
            17
        ],
        [
            44,
            45,
            46,
            47,
            48,
            49,
            50,
            51,
            52,
            53,
            54,
            55,
            56,
            57,
            97,
            138,
            178,
            218,
            258,
            298,
            338,
            299,
            259,
            219,
            179,
            139,
            98,
            58,
            59,
            60,
            61,
            62,
            63,
            64,
            65,
            66,
            67,
            68,
            69,
            70
        ],
        [
            43,
            42,
            75,
            74,
            73,
            113,
            114,
            115,
            116,
            117,
            118,
            119,
            120,
            81,
            82,
            83,
            84,
            85,
            86,
            87,
            88,
            89,
            90,
            91,
            92,
            93,
            94,
            96,
            99,
            100,
            101,
            102,
            103,
            104,
            105,
            106,
            107,
            108,
            109,
            110,
            111,
            112,
            72,
            71
        ],
        [
            160,
            159,
            158,
            157,
            156,
            155,
            154,
            153,
            152,
            151,
            150,
            149,
            148,
            188,
            189,
            190,
            191,
            192,
            193,
            194,
            195,
            196,
            197,
            198,
            199,
            239,
            240,
            200,
            161,
            121,
            122,
            123,
            124,
            125,
            126,
            127,
            128,
            129,
            130,
            131,
            132,
            133,
            134,
            135,
            136,
            95
        ],
        [
            238,
            237,
            236,
            235,
            275,
            315,
            314,
            274,
            234,
            233,
            232,
            231,
            230,
            229,
            269,
            228,
            227,
            226,
            225,
            265,
            305,
            345,
            385,
            384,
            344,
            304,
            264,
            224,
            223,
            222,
            221,
            220,
            180,
            181,
            182,
            183,
            184,
            185,
            186,
            187,
            147,
            146,
            145,
            144,
            143,
            142,
            141,
            140
        ],
        [
            137,
            177,
            217,
            257,
            297,
            337,
            377,
            376,
            336,
            296,
            256,
            216,
            255,
            254,
            253,
            252,
            251,
            250,
            249,
            248,
            247,
            246,
            245,
            204,
            205,
            206,
            207,
            208,
            209,
            210,
            211,
            212,
            213,
            214,
            215,
            176,
            175,
            174,
            173,
            172,
            171,
            170,
            169,
            168,
            167,
            166,
            165,
            164,
            163,
            162
        ],
        [
            201,
            280,
            279,
            278,
            277,
            276,
            316,
            356,
            396,
            397,
            357,
            317,
            318,
            358,
            398,
            399,
            359,
            319,
            320,
            360,
            400,
            361,
            321,
            281,
            241,
            202,
            242,
            282,
            322,
            362,
            363,
            323,
            283,
            243,
            284,
            324,
            364,
            325,
            365,
            366,
            326,
            287,
            286,
            285,
            244,
            203
        ],
        [
            268,
            309,
            270,
            271,
            311,
            310,
            350,
            390,
            389,
            349,
            308,
            348,
            388,
            387,
            347,
            307,
            267,
            266,
            306,
            346,
            386,
            383,
            343,
            303,
            263,
            262,
            302,
            342,
            382,
            381,
            341,
            301,
            261,
            340,
            380,
            379,
            378,
            339,
            300,
            260
        ],
        [
            272,
            312,
            351,
            391,
            352,
            392,
            393,
            394,
            395,
            355,
            354,
            353,
            313,
            273,
            288,
            327,
            367,
            328,
            368,
            369,
            329,
            289,
            290,
            330,
            370,
            371,
            331,
            291,
            292,
            332,
            372,
            373,
            333,
            293,
            294,
            334,
            374,
            375,
            335,
            295
        ]
    ]
}