{
    "problem_name": "Golden_9",
    "dimension": 256,
    "capacity": 1000,
    "best_cost": 692.8216268550276,
    "vehicles_used": 14,
    "total_load": 13429,
    "execution_time_seconds": 11.482569694519043,
    "depot_index": 0,
    "routes": [
        [
            11,
            16,
            22,
            29,
            6,
            3,
            1
        ],
        [
            4,
            12,
            71,
            97,
            183,
            204,
            194,
            170,
            142,
            49,
            31
        ],
        [
            37,
            46,
            56,
            67,
            79,
            92,
            106,
            121,
            136,
            120,
            105,
            91,
            78,
            66,
            55,
            45,
            36,
            28,
            21,
            15,
            10
        ],
        [
            38,
            47,
            69,
            81,
            94,
            124,
            139,
            153,
            154,
            140,
            95,
            58,
            48,
            30,
            23,
            7
        ],
        [
            24,
            59,
            83,
            111,
            126,
            156,
            182,
            193,
            181,
            169,
            155,
            125,
            110,
            96,
            70,
            39,
            17
        ],
        [
            13,
            26,
            42,
            74,
            115,
            161,
            146,
            100,
            62,
            51,
            41,
            25,
            8
        ],
        [
            2,
            73,
            86,
            114,
            130,
            145,
            129,
            99,
            85,
            61,
            32,
            18
        ],
        [
            40,
            60,
            84,
            72,
            50,
            33,
            19,
            14,
            9,
            5
        ],
        [
            113,
            144,
            159,
            173,
            185,
            197,
            207,
            217,
            226,
            225,
            233,
            239,
            232,
            224,
            216,
            206,
            196,
            184,
            172,
            158,
            143,
            128,
            112,
            98
        ],
        [
            34,
            43,
            53,
            64,
            76,
            89,
            102,
            116,
            132,
            148,
            133,
            117,
            103,
            90,
            77,
            65,
            54,
            44,
            35,
            27,
            20
        ],
        [
            52,
            63,
            75,
            87,
            101,
            131,
            147,
            162,
            176,
            163,
            149,
            134,
            118,
            104,
            119,
            135,
            150,
            164,
            177,
            189,
            200,
            188,
            175,
            187,
            198,
            186,
            174,
            160
        ],
        [
            57,
            68,
            80,
            93,
            107,
            108,
            123,
            138,
            122,
            137,
            151,
            165,
            178,
            152,
            166,
            190,
            201,
            211,
            220,
            228,
            221,
            212,
            202,
            191,
            180,
            179,
            167,
            109,
            82
        ],
        [
            88,
            199,
            210,
            219,
            227,
            209,
            218,
            208,
            215,
            231,
            238,
            244,
            249,
            248,
            243,
            237,
            242,
            236,
            241,
            235,
            229,
            222,
            230,
            223,
            205,
            195,
            171,
            157,
            127
        ],
        [
            141,
            214,
            247,
            251,
            234,
            240,
            245,
            252,
            254,
            255,
            253,
            250,
            246,
            213,
            203,
            192,
            168
        ]
    ]
}