{
    "problem_name": "Golden_17",
    "dimension": 241,
    "capacity": 200,
    "best_cost": 831.5167512240145,
    "vehicles_used": 22,
    "total_load": 4320,
    "execution_time_seconds": 9.322248935699463,
    "depot_index": 0,
    "routes": [
        [
            58,
            59,
            60,
            120,
            72,
            132,
            12,
            17,
            16
        ],
        [
            21,
            26,
            81,
            62,
            122,
            134,
            83,
            23,
            74,
            2,
            14
        ],
        [
            13,
            1,
            54,
            15,
            114,
            61,
            73,
            18,
            19,
            20,
            25,
            24
        ],
        [
            45,
            5,
            47,
            48,
            107,
            158,
            125,
            65,
            98,
            38
        ],
        [
            37,
            4,
            42,
            97,
            64,
            124,
            150,
            99,
            90,
            39,
            30
        ],
        [
            6,
            106,
            66,
            166,
            226,
            175,
            116,
            57,
            56,
            115,
            55,
            46
        ],
        [
            75,
            119,
            179,
            238,
            178,
            233,
            186,
            126,
            173,
            118,
            113,
            53
        ],
        [
            102,
            43,
            44,
            49,
            108,
            168,
            109,
            10,
            104,
            163,
            162,
            217,
            157
        ],
        [
            174,
            121,
            181,
            234,
            135,
            76,
            77,
            136,
            137,
            180,
            239
        ],
        [
            84,
            85,
            145,
            205,
            127,
            140,
            67,
            80,
            7,
            78
        ],
        [
            22,
            82,
            31,
            32,
            27,
            86,
            141,
            28,
            87,
            146,
            201,
            182,
            194,
            143
        ],
        [
            3,
            33,
            92,
            93,
            152,
            153,
            68,
            88,
            8
        ],
        [
            91,
            151,
            202,
            183,
            209,
            123,
            142,
            63,
            89,
            34,
            29
        ],
        [
            35,
            94,
            95,
            36,
            41,
            100,
            101,
            9,
            96,
            155,
            214,
            154,
            149
        ],
        [
            40,
            159,
            210,
            184,
            219,
            220,
            221,
            161,
            156,
            69,
            160
        ],
        [
            147,
            206,
            207,
            148,
            212,
            211,
            215,
            216,
            189,
            129
        ],
        [
            70,
            169,
            164,
            223,
            224,
            130,
            227,
            167,
            218,
            185
        ],
        [
            105,
            50,
            110,
            225,
            170,
            172,
            131,
            117,
            71,
            112,
            111,
            52
        ],
        [
            51,
            165,
            230,
            171,
            231,
            232,
            191,
            237,
            177,
            236,
            235,
            176
        ],
        [
            79,
            139,
            144,
            203,
            204,
            187,
            200,
            199,
            198,
            138,
            193,
            133
        ],
        [
            128,
            213,
            188,
            208,
            195,
            196,
            197,
            192,
            240
        ],
        [
            103,
            222,
            190,
            229,
            228,
            11
        ]
    ]
}