{
    "problem_name": "Golden_6",
    "dimension": 281,
    "capacity": 900,
    "best_cost": 15373.996383907222,
    "vehicles_used": 7,
    "total_load": 5600,
    "execution_time_seconds": 1830.9086496829987,
    "depot_index": 0,
    "routes": [
        [
            5,
            119,
            146,
            230,
            231,
            232,
            205,
            206,
            123,
            153,
            237,
            238,
            266,
            267,
            239,
            129,
            130,
            71,
            73,
            75,
            161,
            162,
            163,
            164,
            192,
            220,
            191,
            219,
            275,
            276,
            277,
            221,
            250,
            222,
            166,
            138,
            137,
            83,
            80,
            50
        ],
        [
            9,
            38,
            64,
            63,
            120,
            91,
            90,
            60,
            32,
            58,
            86,
            85,
            140,
            168,
            141,
            224,
            252,
            195,
            194,
            249,
            193,
            165,
            110,
            54,
            23,
            22,
            49,
            78,
            76,
            104,
            103,
            102,
            158,
            214,
            185,
            184,
            182,
            96,
            69,
            70,
            43,
            42,
            41,
            40,
            10
        ],
        [
            25,
            51,
            53,
            139,
            279,
            280,
            253,
            225,
            112,
            56,
            28,
            8,
            36,
            37,
            39,
            65,
            174,
            259,
            260,
            204,
            233,
            261,
            262,
            234,
            235,
            207,
            179,
            180,
            208,
            236,
            264,
            181,
            154,
            183,
            240,
            268,
            186,
            187,
            216,
            244,
            272,
            273,
            217,
            189,
            190,
            105,
            131,
            101,
            72,
            44,
            15,
            11
        ],
        [
            26,
            79,
            77,
            74,
            132,
            159,
            215,
            243,
            242,
            270,
            269,
            213,
            212,
            156,
            99,
            210,
            209,
            265,
            263,
            152,
            125,
            124,
            122,
            149,
            202,
            258,
            229,
            227,
            255,
            254,
            198,
            170,
            142,
            113,
            87,
            116,
            88,
            59,
            30,
            57,
            84,
            29,
            1
        ],
        [
            3,
            31,
            143,
            171,
            228,
            256,
            257,
            200,
            172,
            144,
            145,
            117,
            147,
            175,
            203,
            176,
            148,
            177,
            178,
            150,
            151,
            94,
            93,
            7,
            67,
            68,
            97,
            98,
            155,
            127,
            100,
            128,
            271,
            188,
            106,
            107,
            136,
            82,
            52,
            24,
            21,
            20,
            18,
            16,
            14
        ],
        [
            12,
            13,
            17,
            48,
            47,
            46,
            45,
            157,
            241,
            211,
            126,
            95,
            66,
            121,
            92,
            62,
            35,
            34,
            33,
            61,
            89,
            118,
            173,
            201,
            199,
            226,
            169,
            196,
            223,
            248,
            247,
            274,
            246,
            218,
            245,
            160,
            133,
            134,
            135,
            108,
            109,
            81,
            55,
            27,
            4,
            6
        ],
        [
            19,
            111,
            167,
            278,
            251,
            197,
            114,
            115,
            2
        ]
    ]
}