{
    "problem_name": "Golden_17",
    "dimension": 241,
    "capacity": 200,
    "best_cost": 829.0323090482317,
    "vehicles_used": 22,
    "total_load": 4320,
    "execution_time_seconds": 177.6916470527649,
    "depot_index": 0,
    "routes": [
        [
            14,
            23,
            74,
            62,
            141,
            201,
            146,
            86,
            27,
            26,
            81,
            2
        ],
        [
            3,
            29,
            34,
            89,
            63,
            82,
            91,
            142,
            202,
            151,
            32,
            31,
            22
        ],
        [
            38,
            47,
            98,
            65,
            105,
            50,
            110,
            170,
            225,
            165,
            5,
            45
        ],
        [
            53,
            58,
            113,
            66,
            106,
            55,
            56,
            115,
            166,
            6,
            46
        ],
        [
            13,
            1,
            114,
            61,
            73,
            18,
            78,
            133,
            193,
            138,
            19
        ],
        [
            30,
            4,
            37,
            42,
            97,
            64,
            90,
            39,
            99,
            150,
            159,
            40
        ],
        [
            24,
            83,
            134,
            122,
            194,
            143,
            84,
            25,
            80,
            139,
            198,
            79,
            20
        ],
        [
            35,
            94,
            149,
            123,
            209,
            154,
            95,
            36,
            41,
            100,
            160,
            219,
            210
        ],
        [
            48,
            107,
            158,
            125,
            218,
            167,
            108,
            49,
            44,
            103,
            162,
            217,
            157,
            102
        ],
        [
            59,
            118,
            173,
            126,
            233,
            178,
            119,
            60,
            17,
            76,
            135,
            234,
            174,
            75
        ],
        [
            16,
            12,
            77,
            136,
            195,
            181,
            121,
            15,
            54
        ],
        [
            43,
            10,
            104,
            163,
            222,
            184,
            124,
            101,
            96
        ],
        [
            28,
            8,
            93,
            152,
            211,
            212,
            153,
            68,
            88,
            87,
            21
        ],
        [
            33,
            92,
            183,
            214,
            155,
            69,
            161,
            220,
            221,
            216,
            156
        ],
        [
            52,
            11,
            117,
            176,
            175,
            235,
            236,
            177,
            71,
            112,
            111
        ],
        [
            57,
            116,
            226,
            186,
            238,
            179,
            120,
            72,
            137,
            197,
            196
        ],
        [
            7,
            67,
            140,
            199,
            200,
            127,
            205,
            204,
            203
        ],
        [
            9,
            215,
            129,
            189,
            223,
            164,
            169,
            228
        ],
        [
            109,
            168,
            227,
            185,
            230,
            231,
            131,
            172,
            171,
            51
        ],
        [
            182,
            206,
            207,
            208,
            188,
            213,
            128,
            148,
            147
        ],
        [
            70,
            130,
            224,
            190,
            229,
            232,
            191,
            237
        ],
        [
            180,
            239,
            132,
            240,
            192,
            187,
            145,
            144,
            85
        ]
    ]
}