{
    "problem_name": "Golden_14",
    "dimension": 321,
    "capacity": 1000,
    "best_cost": 1274.8584656945043,
    "vehicles_used": 30,
    "total_load": 28672,
    "execution_time_seconds": 13.642013311386108,
    "depot_index": 0,
    "routes": [
        [
            4,
            18,
            40,
            108,
            3
        ],
        [
            29,
            90,
            89,
            55,
            28,
            10
        ],
        [
            15,
            36,
            65,
            102,
            103,
            64,
            2
        ],
        [
            19,
            39,
            69,
            107,
            106,
            68,
            38,
            16
        ],
        [
            7,
            23,
            22,
            6
        ],
        [
            47,
            79,
            119,
            167,
            223,
            287,
            286,
            222,
            166,
            118,
            78,
            46
        ],
        [
            67,
            105,
            150,
            203,
            149,
            104,
            66,
            37,
            1
        ],
        [
            11,
            31,
            32,
            12
        ],
        [
            8,
            25,
            50,
            126,
            51,
            26
        ],
        [
            60,
            96,
            140,
            192,
            252,
            141,
            97,
            61,
            33,
            13
        ],
        [
            14,
            35,
            101,
            146,
            145,
            144,
            100,
            99,
            63,
            34
        ],
        [
            9,
            27,
            54,
            88,
            130,
            239,
            181,
            131
        ],
        [
            30,
            56,
            91,
            133,
            183,
            184,
            242,
            308,
            241,
            182,
            132
        ],
        [
            24,
            52,
            86,
            85,
            127,
            128,
            129,
            87,
            53
        ],
        [
            62,
            98,
            142,
            143,
            195,
            255,
            256,
            196,
            194,
            193,
            139,
            95,
            59
        ],
        [
            48,
            80,
            121,
            290,
            170,
            227,
            171,
            123,
            122,
            81,
            49
        ],
        [
            5,
            20,
            45,
            21,
            82
        ],
        [
            58,
            57,
            93,
            92,
            134,
            135,
            136,
            137,
            138,
            94
        ],
        [
            180,
            179,
            178,
            177,
            176,
            234,
            233,
            175,
            174,
            124,
            125,
            83,
            84
        ],
        [
            77,
            76,
            116,
            115,
            163,
            219,
            164,
            220,
            221,
            165,
            117,
            44
        ],
        [
            240,
            307,
            306,
            305,
            304,
            303,
            238,
            237,
            236,
            302,
            301,
            300,
            299,
            298,
            297,
            231,
            232,
            235
        ],
        [
            189,
            188,
            187,
            186,
            245,
            246,
            314,
            315,
            247,
            248,
            316,
            317,
            249,
            250,
            190,
            191
        ],
        [
            41,
            71,
            109,
            110,
            156,
            155,
            154,
            208,
            270,
            269,
            207,
            153,
            70
        ],
        [
            152,
            206,
            151,
            205,
            267,
            268,
            204,
            266,
            265,
            264,
            263,
            262,
            200,
            201,
            202,
            148,
            147
        ],
        [
            43,
            75,
            74,
            112,
            158,
            157,
            111,
            73,
            72,
            42
        ],
        [
            172,
            173,
            229,
            230,
            296,
            295,
            294,
            293,
            292,
            228,
            291,
            226,
            225,
            169,
            168,
            120
        ],
        [
            209,
            271,
            272,
            273,
            210,
            211,
            274,
            212,
            213,
            159,
            160,
            161,
            217,
            218,
            162,
            114
        ],
        [
            251,
            197,
            198,
            258,
            257,
            254,
            253,
            320,
            319,
            318,
            185,
            244,
            313,
            312,
            311,
            310,
            309,
            243
        ],
        [
            224,
            289,
            288,
            285,
            284,
            283,
            282,
            281,
            280,
            279,
            278,
            277,
            276,
            275,
            214,
            215,
            216,
            113
        ],
        [
            199,
            259,
            260,
            261,
            17
        ]
    ]
}