{
    "problem_name": "Golden_18",
    "dimension": 301,
    "capacity": 200,
    "best_cost": 1252.6031188550407,
    "vehicles_used": 27,
    "total_load": 5400,
    "execution_time_seconds": 974.7337992191315,
    "depot_index": 0,
    "routes": [
        [
            14,
            23,
            74,
            62,
            141,
            201,
            146,
            86,
            27,
            26,
            81,
            2,
            21
        ],
        [
            29,
            34,
            89,
            63,
            142,
            202,
            151,
            91,
            32,
            31,
            82,
            3,
            22
        ],
        [
            38,
            47,
            98,
            65,
            165,
            225,
            170,
            110,
            51,
            50,
            105,
            5,
            45
        ],
        [
            53,
            58,
            113,
            66,
            166,
            226,
            175,
            115,
            56,
            55,
            106,
            6,
            46
        ],
        [
            54,
            15,
            114,
            61,
            133,
            193,
            138,
            78,
            19,
            18,
            73,
            1,
            13
        ],
        [
            37,
            42,
            97,
            64,
            150,
            210,
            159,
            99,
            40,
            39,
            90,
            4,
            30
        ],
        [
            24,
            83,
            134,
            122,
            194,
            143,
            84,
            25,
            80,
            139,
            198,
            79,
            20
        ],
        [
            35,
            94,
            149,
            123,
            209,
            154,
            95,
            36,
            101,
            160,
            219,
            100,
            41
        ],
        [
            48,
            107,
            158,
            125,
            218,
            167,
            108,
            49,
            44,
            103,
            162,
            217,
            157,
            102
        ],
        [
            59,
            118,
            173,
            126,
            233,
            178,
            119,
            60,
            17,
            76,
            135,
            234,
            174,
            75
        ],
        [
            16,
            12,
            77,
            136,
            195,
            294,
            241,
            253,
            181
        ],
        [
            43,
            10,
            104,
            163,
            222,
            277,
            244,
            270,
            184
        ],
        [
            28,
            87,
            88,
            8,
            93,
            152,
            211,
            262,
            243,
            274,
            269,
            214
        ],
        [
            33,
            92,
            68,
            147,
            148,
            207,
            266,
            206,
            261,
            254,
            182
        ],
        [
            52,
            111,
            112,
            11,
            117,
            176,
            235,
            286,
            246,
            298,
            293,
            238
        ],
        [
            57,
            116,
            71,
            171,
            172,
            231,
            290,
            230,
            285,
            278,
            185
        ],
        [
            7,
            85,
            144,
            203,
            204,
            145,
            67,
            140,
            121
        ],
        [
            9,
            96,
            155,
            156,
            69,
            161,
            220,
            279,
            124
        ],
        [
            168,
            227,
            228,
            169,
            164,
            223,
            282,
            283,
            224,
            289,
            229,
            70,
            109
        ],
        [
            120,
            72,
            137,
            196,
            255,
            256,
            197,
            240,
            132,
            180,
            179
        ],
        [
            183,
            271,
            212,
            128,
            208,
            267,
            268,
            188,
            153
        ],
        [
            186,
            295,
            236,
            131,
            232,
            291,
            292,
            191,
            177
        ],
        [
            242,
            263,
            264,
            205,
            200,
            199,
            258,
            259,
            260,
            265,
            127
        ],
        [
            245,
            287,
            288,
            250,
            284,
            190,
            130
        ],
        [
            215,
            216,
            129,
            221,
            280,
            281,
            189,
            276,
            275,
            272
        ],
        [
            239,
            192,
            257,
            252,
            300,
            299,
            296,
            297,
            237,
            273,
            213
        ],
        [
            187,
            247,
            248,
            249,
            251
        ]
    ]
}