{
    "problem_name": "Golden_5",
    "dimension": 201,
    "capacity": 900,
    "best_cost": 7509.041161233084,
    "vehicles_used": 5,
    "total_load": 4000,
    "execution_time_seconds": 13.284210205078125,
    "depot_index": 0,
    "routes": [
        [
            3,
            4,
            5,
            6,
            7,
            8,
            9,
            10,
            11,
            12,
            32,
            33,
            53,
            54,
            74,
            75,
            55,
            56,
            57,
            58,
            59,
            60,
            41,
            42,
            23,
            22,
            21,
            40,
            39,
            38,
            37,
            36,
            35,
            34,
            13,
            14,
            15,
            16,
            17,
            18,
            19,
            20,
            1,
            2
        ],
        [
            31,
            30,
            29,
            28,
            27,
            26,
            25,
            24,
            45,
            44,
            43,
            63,
            62,
            82,
            81,
            61,
            80,
            100,
            79,
            99,
            119,
            139,
            159,
            179,
            199,
            198,
            178,
            158,
            138,
            118,
            98,
            78,
            77,
            97,
            117,
            137,
            157,
            177,
            197,
            196,
            176,
            156,
            136,
            116,
            96,
            76
        ],
        [
            46,
            47,
            67,
            87,
            107,
            127,
            147,
            128,
            108,
            88,
            68,
            48,
            49,
            69,
            89,
            109,
            129,
            149,
            169,
            189,
            190,
            170,
            150,
            130,
            110,
            90,
            70,
            50,
            51,
            71,
            91,
            111,
            131,
            151,
            171,
            191,
            192,
            172,
            152,
            132,
            112,
            92,
            72,
            52
        ],
        [
            120,
            140,
            160,
            180,
            200,
            181,
            161,
            141,
            121,
            101,
            102,
            122,
            142,
            162,
            182,
            183,
            163,
            143,
            123,
            103,
            83,
            64,
            84,
            104,
            124,
            144,
            164,
            184,
            185,
            165,
            145,
            125,
            105,
            85,
            65,
            66,
            86,
            106,
            126,
            146,
            166,
            186,
            187,
            167,
            188,
            168,
            148,
            113,
            93,
            73
        ],
        [
            95,
            115,
            135,
            155,
            175,
            195,
            194,
            174,
            154,
            134,
            193,
            173,
            153,
            133,
            114,
            94
        ]
    ]
}