{
    "problem_name": "Golden_14",
    "dimension": 321,
    "capacity": 1000,
    "best_cost": 1296.6822559696907,
    "vehicles_used": 30,
    "total_load": 28672,
    "execution_time_seconds": 836.8466494083405,
    "depot_index": 0,
    "routes": [
        [
            8,
            25,
            51,
            126,
            52,
            26
        ],
        [
            1,
            13,
            33,
            61,
            97,
            141,
            193,
            253
        ],
        [
            4,
            71,
            109,
            155,
            70,
            40,
            18
        ],
        [
            10,
            28,
            54,
            88,
            130,
            237,
            179,
            129
        ],
        [
            7,
            23,
            48,
            121,
            49,
            24
        ],
        [
            46,
            79,
            80,
            120,
            119,
            167,
            223,
            287,
            286,
            285,
            284,
            283,
            282,
            281
        ],
        [
            27,
            53,
            87,
            128,
            178,
            236,
            302,
            235,
            177,
            127,
            86
        ],
        [
            9,
            176,
            234,
            233,
            232,
            298,
            297,
            296,
            295,
            294,
            293,
            292,
            291
        ],
        [
            6,
            22,
            117,
            77,
            45,
            21
        ],
        [
            3,
            2,
            99,
            34,
            14
        ],
        [
            12,
            32,
            60,
            96,
            140,
            192,
            252,
            320
        ],
        [
            5,
            42,
            73,
            213,
            72,
            41,
            19
        ],
        [
            11,
            31,
            59,
            190,
            250,
            191,
            139,
            95
        ],
        [
            78,
            118,
            166,
            222,
            221,
            165,
            164,
            220,
            163,
            219,
            218,
            217,
            160,
            161
        ],
        [
            39,
            69,
            106,
            105,
            151,
            150,
            149,
            203,
            202,
            264,
            263,
            262,
            261,
            260
        ],
        [
            47,
            169,
            225,
            226,
            170,
            171,
            172,
            124,
            123,
            122,
            82,
            81
        ],
        [
            15,
            65,
            103,
            102,
            147,
            148,
            104,
            66,
            67,
            37
        ],
        [
            35,
            63,
            196,
            197,
            258,
            257,
            256,
            255,
            254,
            195,
            194,
            142,
            98,
            62
        ],
        [
            16,
            38,
            68,
            204,
            265,
            266,
            267,
            205,
            206,
            207,
            153,
            107
        ],
        [
            17,
            152,
            268,
            269,
            270,
            271,
            272,
            273,
            211,
            210,
            209,
            208,
            154,
            108
        ],
        [
            44,
            76,
            116,
            75,
            115,
            162,
            114,
            112,
            74,
            43
        ],
        [
            94,
            189,
            249,
            317,
            248,
            247,
            315,
            314,
            313,
            245,
            246,
            186,
            188,
            137,
            93
        ],
        [
            56,
            90,
            91,
            133,
            183,
            184,
            242,
            243,
            185,
            135,
            134,
            92
        ],
        [
            55,
            89,
            131,
            181,
            239,
            240,
            306,
            307,
            308,
            309,
            310,
            311,
            312,
            244,
            187
        ],
        [
            20,
            159,
            216,
            280,
            279,
            278,
            277,
            215,
            214,
            276,
            275,
            274,
            212,
            158,
            157
        ],
        [
            168,
            224,
            288,
            289,
            290,
            227,
            228,
            229,
            230,
            231,
            173,
            174,
            175,
            125,
            83
        ],
        [
            29,
            57,
            136,
            316,
            318,
            319,
            251,
            138,
            58,
            30
        ],
        [
            50,
            84,
            85,
            299,
            300,
            301,
            303,
            304,
            305,
            238,
            180,
            241,
            182,
            132
        ],
        [
            36,
            101,
            145,
            146,
            201,
            200,
            199,
            259,
            198,
            144,
            143,
            100,
            64
        ],
        [
            110,
            156,
            111,
            113
        ]
    ]
}