{
    "problem_name": "Golden_9",
    "dimension": 256,
    "capacity": 1000,
    "best_cost": 1074.7724301588373,
    "vehicles_used": 14,
    "total_load": 13429,
    "execution_time_seconds": 293.48883986473083,
    "depot_index": 0,
    "routes": [
        [
            11,
            16,
            22,
            67,
            66,
            78,
            106,
            120,
            137,
            165,
            201,
            179,
            141,
            196,
            145,
            131,
            116,
            51,
            32
        ],
        [
            31,
            39,
            79,
            107,
            121,
            136,
            138,
            154,
            182,
            198,
            129,
            130,
            100,
            73,
            27,
            20,
            26,
            14
        ],
        [
            33,
            61,
            85,
            128,
            144,
            159,
            143,
            171,
            169,
            155,
            228,
            235,
            215,
            224,
            232,
            226,
            161,
            147,
            132,
            134,
            119,
            64,
            53
        ],
        [
            4,
            71,
            97,
            180,
            212,
            203,
            194,
            183,
            172,
            185,
            207,
            234,
            208,
            160,
            75,
            9
        ],
        [
            2,
            13,
            35,
            65,
            90,
            104,
            150,
            200,
            209,
            217,
            206,
            193,
            168,
            93,
            6
        ],
        [
            7,
            40,
            49,
            47,
            46,
            36,
            55,
            92,
            91,
            152,
            178,
            237,
            243,
            210,
            175,
            162,
            88,
            54,
            44
        ],
        [
            21,
            81,
            153,
            190,
            204,
            205,
            214,
            254,
            238,
            216,
            218,
            219,
            187,
            186,
            173,
            174,
            101,
            74,
            62,
            72,
            84,
            126,
            38
        ],
        [
            8,
            34,
            52,
            117,
            164,
            177,
            146,
            248,
            251,
            142,
            127,
            83,
            70,
            124,
            80,
            56,
            28,
            15
        ],
        [
            3,
            94,
            108,
            105,
            151,
            166,
            167,
            191,
            211,
            221,
            213,
            230,
            236,
            241,
            247,
            195,
            157,
            113,
            114,
            87,
            103,
            76,
            63
        ],
        [
            12,
            24,
            43,
            77,
            89,
            118,
            148,
            163,
            189,
            188,
            240,
            233,
            225,
            184,
            111,
            110,
            122,
            10
        ],
        [
            23,
            60,
            86,
            115,
            149,
            176,
            199,
            227,
            245,
            239,
            244,
            231,
            223,
            222,
            202,
            192,
            181,
            170,
            156,
            69,
            45,
            37
        ],
        [
            18,
            41,
            42,
            102,
            135,
            133,
            158,
            112,
            96,
            95,
            109,
            68,
            58,
            59,
            48,
            29
        ],
        [
            1,
            30,
            82,
            125,
            140,
            197,
            25,
            19,
            5
        ],
        [
            17,
            57,
            123,
            139,
            220,
            229,
            246,
            250,
            253,
            255,
            252,
            249,
            242,
            98,
            99,
            50
        ]
    ]
}