{
    "problem_name": "Golden_7",
    "dimension": 361,
    "capacity": 900,
    "best_cost": 10938.389086947795,
    "vehicles_used": 8,
    "total_load": 7200,
    "execution_time_seconds": 1186.6344940662384,
    "depot_index": 0,
    "routes": [
        [
            29,
            30,
            31,
            32,
            33,
            34,
            35,
            36,
            1,
            2,
            3,
            4,
            5,
            6,
            7,
            8,
            9,
            10,
            11,
            12,
            13,
            14,
            15,
            16,
            17,
            18,
            56,
            92,
            57,
            58,
            59,
            60,
            61,
            62,
            63,
            64,
            28,
            27,
            26,
            25,
            24,
            23,
            22,
            21,
            20,
            19
        ],
        [
            80,
            79,
            78,
            113,
            149,
            112,
            111,
            110,
            109,
            144,
            143,
            142,
            141,
            140,
            139,
            138,
            137,
            136,
            135,
            134,
            133,
            132,
            131,
            130,
            129,
            93,
            94,
            95,
            96,
            97,
            98,
            99,
            100,
            101,
            102,
            103,
            104,
            105,
            106,
            107,
            108,
            73,
            74,
            75,
            76,
            77
        ],
        [
            48,
            84,
            83,
            82,
            81,
            117,
            118,
            119,
            120,
            193,
            231,
            267,
            303,
            339,
            340,
            304,
            268,
            232,
            196,
            197,
            161,
            162,
            163,
            164,
            128,
            127,
            126,
            125,
            124,
            123,
            122,
            121,
            85,
            86,
            87,
            88,
            89,
            90,
            91,
            55,
            54,
            53,
            52,
            51,
            50,
            49
        ],
        [
            46,
            45,
            44,
            43,
            42,
            41,
            40,
            39,
            38,
            37,
            72,
            178,
            214,
            250,
            286,
            322,
            358,
            357,
            321,
            285,
            249,
            213,
            212,
            248,
            284,
            320,
            356,
            355,
            319,
            283,
            247,
            211,
            210,
            174,
            173,
            172,
            171,
            65,
            66,
            67,
            68,
            69,
            70,
            71
        ],
        [
            177,
            176,
            175,
            246,
            282,
            318,
            354,
            353,
            317,
            281,
            245,
            209,
            208,
            244,
            280,
            316,
            352,
            351,
            315,
            279,
            243,
            207,
            242,
            278,
            314,
            350,
            349,
            313,
            277,
            241,
            205,
            206,
            170,
            169,
            204,
            240,
            276,
            312,
            348,
            347,
            311,
            275,
            239,
            203,
            167,
            168
        ],
        [
            165,
            166,
            202,
            238,
            274,
            310,
            346,
            345,
            309,
            273,
            237,
            201,
            200,
            236,
            272,
            308,
            344,
            343,
            307,
            271,
            235,
            199,
            198,
            234,
            270,
            306,
            342,
            341,
            305,
            269,
            233,
            160,
            159,
            195,
            194,
            158,
            157,
            156,
            153,
            152,
            116,
            115,
            114,
            47
        ],
        [
            179,
            215,
            251,
            287,
            323,
            359,
            360,
            324,
            288,
            252,
            216,
            180,
            145,
            181,
            217,
            253,
            289,
            325,
            326,
            290,
            254,
            218,
            182,
            146,
            147,
            183,
            219,
            255,
            291,
            327,
            328,
            292,
            256,
            220,
            184,
            148,
            185,
            221,
            257,
            293,
            329,
            330,
            294,
            258,
            222,
            188
        ],
        [
            151,
            150,
            186,
            187,
            223,
            259,
            295,
            331,
            332,
            296,
            260,
            224,
            225,
            261,
            297,
            333,
            334,
            298,
            262,
            226,
            227,
            263,
            299,
            335,
            336,
            300,
            264,
            265,
            301,
            337,
            338,
            302,
            266,
            230,
            229,
            228,
            192,
            191,
            190,
            189,
            154,
            155
        ]
    ]
}