{
    "problem_name": "Golden_19",
    "dimension": 361,
    "capacity": 200,
    "best_cost": 3241.700484642737,
    "vehicles_used": 34,
    "total_load": 6480,
    "execution_time_seconds": 120.55066108703613,
    "depot_index": 0,
    "routes": [
        [
            96,
            183,
            322,
            323,
            247,
            320,
            319,
            181,
            197,
            166
        ],
        [
            43,
            31,
            329,
            331,
            332,
            333,
            326,
            258,
            317,
            312,
            300,
            256,
            195
        ],
        [
            4,
            11,
            131,
            119,
            12,
            26
        ],
        [
            179,
            359,
            357,
            311,
            352,
            251,
            291,
            232
        ],
        [
            10,
            185,
            292,
            180,
            72,
            73,
            6
        ],
        [
            313,
            187,
            324,
            314,
            63,
            269,
            334,
            104,
            109,
            168,
            350,
            47
        ],
        [
            171,
            347,
            218,
            210,
            150,
            90,
            40,
            29,
            188,
            248,
            268,
            21
        ],
        [
            233,
            293,
            237,
            191,
            278,
            99,
            216,
            209,
            94,
            32,
            302,
            143
        ],
        [
            33,
            149,
            124,
            337,
            288,
            227,
            158,
            111,
            176,
            286,
            186
        ],
        [
            42,
            36,
            92,
            128,
            28,
            27,
            24,
            138,
            234,
            120,
            173,
            117,
            285,
            50
        ],
        [
            62,
            328,
            308,
            215,
            217,
            162,
            283,
            296,
            236,
            175
        ],
        [
            54,
            83,
            7,
            205,
            203,
            261,
            271,
            189,
            281,
            279,
            219,
            222,
            107,
            106
        ],
        [
            91,
            214,
            243,
            88,
            147,
            266,
            239,
            66,
            57,
            52,
            46
        ],
        [
            228,
            348,
            358,
            325,
            327,
            275,
            9,
            100,
            64
        ],
        [
            76,
            81,
            206,
            152,
            270,
            339,
            343,
            344,
            130,
            223,
            103
        ],
        [
            115,
            226,
            306,
            198,
            145,
            207,
            3,
            35,
            41,
            159,
            39
        ],
        [
            126,
            59,
            254,
            321,
            273,
            274,
            335,
            161,
            184,
            102,
            48
        ],
        [
            101,
            44,
            65,
            165,
            169,
            289,
            351,
            297,
            178,
            192,
            263,
            208,
            86
        ],
        [
            105,
            305,
            282,
            163,
            22,
            93,
            201,
            84,
            253,
            354,
            132,
            114
        ],
        [
            142,
            69,
            155,
            272,
            204,
            318,
            60,
            55,
            16,
            79,
            25,
            74
        ],
        [
            77,
            174,
            139,
            264,
            144,
            151,
            202,
            123,
            156,
            280,
            342,
            34,
            82
        ],
        [
            95,
            267,
            265,
            260,
            200,
            294,
            137,
            252,
            355,
            353,
            298,
            238,
            118,
            85,
            14
        ],
        [
            13,
            20,
            80,
            78,
            135,
            75,
            15,
            116,
            172,
            170,
            49,
            220,
            89,
            262,
            87,
            134,
            23
        ],
        [
            1,
            301,
            146,
            213,
            221,
            330,
            224,
            125,
            110,
            51
        ],
        [
            70,
            244,
            249,
            341,
            309,
            336,
            276,
            211
        ],
        [
            5,
            56,
            235,
            113,
            68,
            153,
            212,
            303,
            30
        ],
        [
            8,
            141,
            18,
            255,
            346,
            356,
            231,
            167,
            164,
            157,
            38,
            45
        ],
        [
            61,
            182,
            129,
            37,
            245,
            345,
            290
        ],
        [
            53,
            58,
            17,
            121,
            194,
            315,
            316,
            257,
            360,
            240,
            177,
            71,
            338
        ],
        [
            148,
            242,
            67,
            140,
            307,
            259,
            241
        ],
        [
            133,
            199,
            127,
            19,
            154,
            160,
            277,
            190,
            349,
            108
        ],
        [
            122,
            193,
            136,
            299,
            246,
            225,
            230,
            287,
            229,
            284,
            97
        ],
        [
            98,
            304,
            340,
            310,
            250,
            112,
            295,
            196
        ],
        [
            2
        ]
    ]
}