{
    "problem_name": "Golden_16",
    "dimension": 481,
    "capacity": 1000,
    "best_cost": 1936.568104332411,
    "vehicles_used": 37,
    "total_load": 35772,
    "execution_time_seconds": 154.14673781394958,
    "depot_index": 0,
    "routes": [
        [
            7,
            23,
            47,
            79,
            78,
            22
        ],
        [
            24,
            49,
            81,
            122,
            170,
            290,
            121,
            120,
            80,
            48
        ],
        [
            101,
            146,
            199,
            260,
            65,
            36,
            15,
            2
        ],
        [
            4,
            18,
            19,
            5
        ],
        [
            13,
            33,
            142,
            194,
            399,
            323,
            255,
            98,
            1
        ],
        [
            14,
            35,
            100,
            197,
            326,
            257,
            196,
            144,
            99,
            63,
            34
        ],
        [
            21,
            44,
            76,
            221,
            77,
            45,
            6
        ],
        [
            9,
            86,
            128,
            301,
            375,
            457,
            178,
            53,
            27
        ],
        [
            3,
            17,
            39,
            107,
            38,
            16
        ],
        [
            8,
            25,
            168,
            224,
            288,
            223,
            167,
            119,
            46
        ],
        [
            37,
            67,
            68,
            69,
            70,
            40,
            41,
            20
        ],
        [
            66,
            64,
            62,
            61,
            96,
            32,
            12
        ],
        [
            103,
            102,
            148,
            147,
            201,
            263,
            264,
            202,
            203,
            149,
            150,
            104,
            105,
            106
        ],
        [
            29,
            56,
            91,
            134,
            30,
            11
        ],
        [
            82,
            123,
            292,
            172,
            124,
            125,
            83,
            50,
            51,
            26
        ],
        [
            87,
            129,
            179,
            237,
            303,
            377,
            459,
            238,
            130,
            88,
            54,
            28
        ],
        [
            43,
            74,
            113,
            161,
            216,
            278,
            215,
            160,
            159,
            112,
            73,
            42
        ],
        [
            71,
            109,
            108,
            154,
            208,
            207,
            153,
            152,
            206,
            268,
            267,
            262,
            205,
            151
        ],
        [
            75,
            114,
            162,
            217,
            280,
            281,
            282,
            218,
            219,
            163,
            115,
            116,
            117,
            118
        ],
        [
            85,
            127,
            176,
            234,
            300,
            374,
            235,
            177,
            52,
            10
        ],
        [
            204,
            266,
            336,
            414,
            415,
            337,
            338,
            339,
            269,
            270,
            271,
            209,
            155,
            156,
            157,
            111,
            110
        ],
        [
            126,
            175,
            233,
            299,
            373,
            372,
            454,
            453,
            452,
            371,
            297,
            231,
            298,
            232,
            173,
            174,
            84
        ],
        [
            171,
            228,
            229,
            230,
            294,
            293,
            365,
            445,
            444,
            364,
            363,
            362,
            291,
            227,
            226,
            289,
            225,
            169
        ],
        [
            210,
            211,
            273,
            272,
            341,
            342,
            420,
            421,
            422,
            343,
            344,
            423,
            345,
            346,
            276,
            275,
            274,
            212,
            158
        ],
        [
            57,
            92,
            135,
            186,
            246,
            187,
            136,
            93,
            58,
            31
        ],
        [
            59,
            94,
            137,
            189,
            249,
            190,
            138,
            139,
            140,
            95,
            60
        ],
        [
            296,
            295,
            367,
            366,
            446,
            447,
            368,
            448,
            449,
            450,
            451,
            369,
            370,
            455,
            456,
            458,
            376,
            302,
            236,
            304,
            180
        ],
        [
            340,
            419,
            418,
            417,
            416,
            413,
            412,
            411,
            410,
            409,
            408,
            407,
            406,
            330,
            329,
            261,
            331,
            332,
            333,
            334,
            335,
            265
        ],
        [
            97,
            141,
            192,
            252,
            193,
            253,
            321,
            322,
            254,
            195,
            143,
            145,
            198,
            258,
            259,
            200
        ],
        [
            256,
            325,
            327,
            328,
            405,
            404,
            403,
            402,
            401,
            400,
            324,
            398,
            397,
            480,
            479,
            396,
            320,
            319,
            250,
            251,
            191
        ],
        [
            55,
            89,
            131,
            182,
            240,
            307,
            381,
            464,
            382,
            308,
            241,
            183,
            132,
            90
        ],
        [
            188,
            248,
            247,
            314,
            245,
            313,
            389,
            390,
            315,
            391,
            475,
            476,
            477,
            392,
            316,
            317,
            393,
            394,
            318
        ],
        [
            181,
            239,
            305,
            379,
            378,
            460,
            461,
            462,
            463,
            380,
            306,
            242,
            309,
            243,
            244,
            185,
            184,
            133
        ],
        [
            165,
            164,
            220,
            283,
            355,
            356,
            284,
            285,
            357,
            358,
            438,
            439,
            440,
