{
    "problem_name": "Golden_2",
    "dimension": 321,
    "capacity": 700,
    "best_cost": 9256.728650830835,
    "vehicles_used": 10,
    "total_load": 6400,
    "execution_time_seconds": 866.9826505184174,
    "depot_index": 0,
    "routes": [
        [
            49,
            50,
            51,
            52,
            53,
            54,
            55,
            56,
            57,
            58,
            59,
            60,
            61,
            62,
            63,
            64,
            65,
            66,
            67,
            68,
            69,
            70,
            71,
            72,
            73,
            74,
            75,
            76,
            77,
            78,
            79,
            80,
            41,
            42,
            44,
            45
        ],
        [
            103,
            102,
            101,
            100,
            99,
            98,
            97,
            96,
            95,
            94,
            93,
            92,
            91,
            90,
            89,
            88,
            87,
            86,
            85,
            84,
            83,
            82,
            81,
            120,
            119,
            118,
            117,
            116,
            115,
            114,
            113,
            112,
            111,
            110
        ],
        [
            15,
            16,
            17,
            18,
            19,
            20,
            21,
            22,
            23,
            24,
            25,
            26,
            27,
            28,
            29,
            30,
            31,
            32,
            33,
            34,
            35,
            36,
            37,
            38,
            39,
            40,
            1,
            2,
            3,
            4,
            5,
            6,
            7,
            8,
            9,
            12
        ],
        [
            11,
            10,
            48,
            47,
            46,
            125,
            124,
            123,
            122,
            121,
            160,
            159,
            158,
            157,
            156,
            155,
            154,
            153,
            152,
            151,
            150,
            149,
            148,
            147,
            146,
            145,
            144,
            143,
            142,
            141,
            140,
            139,
            138,
            137
        ],
        [
            13,
            14,
            136,
            135,
            134,
            133,
            132,
            131,
            130,
            129,
            128,
            127,
            126,
            165,
            164,
            163,
            162,
            161,
            200,
            199,
            198,
            197,
            196,
            195,
            194,
            193,
            233,
            232,
            272,
            312,
            311,
            271,
            270,
            310,
            309,
            269
        ],
        [
            104,
            105,
            185,
            184,
            183,
            182,
            181,
            180,
            179,
            178,
            177,
            176,
            175,
            174,
            173,
            213,
            214,
            215,
            216,
            256,
            296,
            295,
            255,
            254,
            294,
            293,
            253,
            252,
            292,
            291,
            251,
            211,
            212,
            172,
            171,
            170
        ],
        [
            43,
            202,
            201,
            240,
            280,
            241,
            281,
            242,
            203,
            204,
            205,
            244,
            243,
            283,
            284,
            285,
            245,
            246,
            286,
            287,
            288,
            289,
            290,
            250,
            210,
            249,
            209,
            208,
            248,
            247,
            207,
            206,
            166,
            167,
            168,
            169
        ],
        [
            107,
            228,
            227,
            266,
            306,
            305,
            265,
            264,
            304,
            303,
            263,
            262,
            302,
            301,
            261,
            260,
            300,
            299,
            259,
            258,
            298,
            297,
            257,
            217,
            218,
            219,
            220,
            221,
            222,
            223,
            224,
            225,
            226,
            106
        ],
        [
            282,
            320,
            319,
            318,
            278,
            279,
            239,
            238,
            237,
            277,
            317,
            316,
            276,
            236,
            235,
            275,
            315,
            274,
            314,
            313,
            273,
            234,
            192,
            191,
            231,
            230,
            190,
            189,
            229,
            188,
            187,
            186
        ],
        [
            109,
            268,
            308,
            307,
            267,
            108
        ]
    ]
}