{
    "problem_name": "Golden_8",
    "dimension": 441,
    "capacity": 900,
    "best_cost": 25735.935046575174,
    "vehicles_used": 10,
    "total_load": 8800,
    "execution_time_seconds": 2738.105460882187,
    "depot_index": 0,
    "routes": [
        [
            22,
            67,
            199,
            339,
            340,
            383,
            428,
            429,
            430,
            431,
            389,
            390,
            345,
            302,
            214,
            125,
            170,
            215,
            352,
            398,
            310,
            267,
            178,
            136,
            137,
            48,
            184,
            228,
            318,
            407,
            364,
            409,
            366,
            322,
            277,
            234,
            324,
            368,
            282,
            236,
            148,
            65,
            66,
            20
        ],
        [
            2,
            37,
            123,
            76,
            28,
            158,
            160,
            163,
            252,
            253,
            255,
            256,
            301,
            347,
            391,
            392,
            439,
            306,
            263,
            218,
            173,
            128,
            174,
            179,
            180,
            181,
            223,
            268,
            270,
            227,
            49,
            50,
            97,
            274,
            232,
            321,
            412,
            369,
            414,
            416,
            372,
            327,
            195,
            105,
            59,
            12
        ],
        [
            13,
            99,
            1,
            39,
            82,
            166,
            167,
            216,
            346,
            433,
            437,
            308,
            221,
            265,
            266,
            311,
            355,
            401,
            402,
            269,
            182,
            140,
            272,
            362,
            278,
            240,
            154,
            200,
            329,
            373,
            374,
            418,
            422,
            379,
            381,
            426,
            427,
            338,
            337,
            203,
            75,
            31
        ],
        [
            5,
            11,
            58,
            104,
            95,
            94,
            183,
            313,
            359,
            403,
            361,
            406,
            144,
            145,
            279,
            283,
            242,
            201,
            157,
            159,
            205,
            247,
            335,
            424,
            425,
            250,
            295,
            387,
            304,
            305,
            258,
            213,
            121,
            120,
            78,
            81,
            85,
            40,
            36,
            29,
            71,
            114,
            70,
            69
        ],
        [
            42,
            87,
            130,
            129,
            257,
            259,
            219,
            220,
            176,
            133,
            8,
            10,
            51,
            142,
            229,
            230,
            190,
            410,
            411,
            367,
            370,
            371,
            243,
            244,
            245,
            246,
            290,
            248,
            204,
            254,
            165,
            119,
            117,
            115,
            156,
            198,
            151,
            60,
            16,
            21,
            68,
            30
        ],
        [
            4,
            44,
            41,
            84,
            127,
            132,
            135,
            224,
            226,
            138,
            139,
            185,
            189,
            233,
            237,
            238,
            326,
            285,
            330,
            375,
            419,
            377,
            421,
            423,
            380,
            293,
            206,
            251,
            296,
            384,
            341,
            386,
            298,
            297,
            208,
            73,
            33,
            32,
            64,
            61,
            102,
            101,
            98,
            55,
            54,
            7,
            9,
            14
        ],
        [
            26,
            23,
            19,
            63,
            111,
            108,
            106,
            103,
            149,
            281,
            325,
            413,
            284,
            286,
            336,
            382,
            294,
            211,
            300,
            303,
            393,
            262,
            307,
            264,
            177,
            222,
            353,
            399,
            400,
            312,
            273,
            320,
            276,
            141,
            53,
            47,
            92,
            134,
            90,
            89,
            131,
            172,
            124,
            79,
            77,
            38
        ],
        [
            3,
            45,
            88,
            217,
            261,
            351,
            348,
            435,
            434,
            432,
            388,
            344,
            299,
            385,
            209,
            210,
            168,
            169,
            171,
            126,
            83,
            80,
            27,
            72,
            113,
            118,
            249,
            292,
            291,
            378,
            333,
            289,
            332,
            376,
            420,
            287,
            241,
            196,
            192,
            408,
            363,
            405,
            360,
            316,
            317,
            319,
            275,
            96,
            100,
            57,
            15,
            18
        ],
        [
            35,
            116,
            162,
            164,
            212,
            260,
            349,
            436,
            394,
            440,
            397,
            309,
            354,
            356,
            357,
            358,
            404,
            315,
            271,
            314,
            225,
            187,
            143,
            146,
            147,
            150,
            194,
            239,
            328,
            415,
            417,
            331,
            197,
            155,
            153,
            152,
            107,
            56,
            52,
            46,
            86,
            43,
            6,
            17
        ],
        [
            24,
            25,
            34,
            74,
            122,
            343,
            342,
            207,
            161,
            202,
            334,
            288,
            112,
            110,
            109,
            62,
            193,
            191,
            235,
            280,
            323,
            365,
            231,
            188,
            186,
            93,
            91,
            396,
            395,
            438,
            350,
            175
        ]
    ]
}