{
    "problem_name": "Golden_1",
    "dimension": 241,
    "capacity": 550,
    "best_cost": 5794.816053429556,
    "vehicles_used": 9,
    "total_load": 4800,
    "execution_time_seconds": 451.6549220085144,
    "depot_index": 0,
    "routes": [
        [
            29,
            28,
            27,
            26,
            25,
            24,
            23,
            22,
            21,
            20,
            19,
            18,
            17,
            16,
            15,
            14,
            13,
            12,
            11,
            10,
            9,
            8,
            7,
            6,
            5,
            4,
            3,
            1,
            40
        ],
        [
            35,
            34,
            33,
            32,
            31,
            30,
            70,
            69,
            68,
            67,
            66,
            65,
            64,
            63,
            62,
            61,
            60,
            59,
            58,
            57,
            56,
            55,
            54,
            53,
            52,
            51,
            49
        ],
        [
            36,
            37,
            38,
            39,
            2,
            42,
            43,
            44,
            45,
            46,
            47,
            48,
            88,
            89,
            90,
            91,
            92,
            93,
            94,
            95,
            96,
            97,
            98,
            99,
            100,
            101,
            102
        ],
        [
            77,
            78,
            79,
            80,
            41,
            81,
            82,
            83,
            84,
            85,
            86,
            87,
            127,
            126,
            125,
            124,
            123,
            122,
            121,
            160,
            159,
            158,
            157,
            156,
            155,
            154,
            153
        ],
        [
            74,
            73,
            72,
            71,
            111,
            112,
            113,
            114,
            115,
            116,
            117,
            118,
            119,
            120,
            162,
            161,
            201,
            202,
            203,
            163,
            164,
            165,
            166,
            167,
            168,
            169,
            170
        ],
        [
            152,
            191,
            192,
            193,
            194,
            195,
            196,
            197,
            198,
            199,
            200,
            240,
            239,
            238,
            237,
            236,
            235,
            234,
            233,
            232,
            231,
            230,
            190,
            189,
            149,
            150,
            151
        ],
        [
            110,
            109,
            108,
            148,
            147,
            146,
            186,
            187,
            188,
            229,
            228,
            227,
            226,
            225,
            224,
            223,
            222,
            221,
            220,
            180,
            181,
            182,
            183,
            184,
            185,
            145,
            105,
            106,
            107
        ],
        [
            75,
            76,
            204,
            205,
            206,
            207,
            208,
            209,
            210,
            211,
            212,
            213,
            214,
            215,
            216,
            217,
            218,
            219,
            179,
            178,
            177,
            176,
            175,
            174,
            173,
            172,
            171
        ],
        [
            103,
            104,
            144,
            143,
            142,
            141,
            140,
            139,
            138,
            137,
            136,
            135,
            134,
            133,
            132,
            131,
            130,
            129,
            128,
            50
        ]
    ]
}