{
    "problem_name": "Golden_12",
    "dimension": 484,
    "capacity": 1000,
    "best_cost": 1296.5342835468116,
    "vehicles_used": 19,
    "total_load": 18701,
    "execution_time_seconds": 31.82787775993347,
    "depot_index": 0,
    "routes": [
        [
            13,
            19,
            52,
            63,
            116,
            132,
            149,
            88,
            75,
            34,
            26,
            2
        ],
        [
            7,
            23,
            30,
            58,
            48,
            39,
            17,
            4
        ],
        [
            3,
            6,
            10,
            15,
            21,
            28,
            36,
            45,
            55,
            66,
            46,
            29,
            22
        ],
        [
            1,
            16,
            47,
            81,
            124,
            195,
            258,
            237,
            176,
            158,
            109,
            69,
            38,
            11
        ],
        [
            8,
            18,
            32,
            50,
            184,
            72,
            40,
            24,
            12
        ],
        [
            5,
            9,
            14,
            20,
            27,
            35,
            44,
            54,
            65,
            77,
            90,
            64,
            53,
            43
        ],
        [
            31,
            49,
            71,
            97,
            127,
            161,
            199,
            180,
            162,
            144,
            112,
            84,
            60,
            41,
            25
        ],
        [
            33,
            42,
            62,
            74,
            100,
            115,
            147,
            165,
            203,
            224,
            378,
            267,
            245,
            223,
            183,
            164,
            130,
            114,
            99,
            86,
            73,
            51
        ],
        [
            61,
            85,
            87,
            101,
            102,
            117,
            133,
            167,
            185,
            205,
            186,
            150,
            151,
            168,
            187,
            169,
            188,
            208,
            189,
            170,
            152,
            135,
            119,
            104,
            134,
            118,
            103,
            89,
            76
        ],
        [
            59,
            70,
            83,
            111,
            126,
            143,
            179,
            220,
            263,
            303,
            321,
            339,
            322,
            284,
            264,
            242,
            221,
            200,
            181,
            145,
            128,
            98
        ],
        [
            37,
            56,
            67,
            79,
            78,
            91,
            105,
            120,
            136,
            153,
            171,
            172,
            154,
            137,
            121,
            138,
            106,
            92,
            122,
            139,
            157,
            140,
            123,
            107,
            93,
            80,
            68,
            57
        ],
        [
            113,
            129,
            146,
            163,
            182,
            202,
            222,
            244,
            266,
            287,
            306,
            325,
            343,
            359,
            374,
            389,
            375,
            390,
            376,
            360,
            344,
            326,
            307,
            288,
            268,
            247,
            246,
            225,
            204,
            166,
            148,
            131
        ],
        [
            241,
            283,
            302,
            338,
            355,
            370,
            385,
            398,
            422,
            433,
            442,
            450,
            441,
            432,
            410,
            397,
            384,
            354,
            320,
            282,
            262,
            240,
            219,
            198,
            160,
            142,
            125,
            110,
            96,
            82
        ],
        [
            304,
            340,
            356,
            357,
            372,
            387,
            400,
            413,
            424,
            434,
            435,
            444,
            453,
            461,
            467,
            473,
            468,
            462,
            454,
            445,
            436,
            426,
            425,
            414,
            401,
            388,
            373,
            358,
            342,
            324,
            341,
            323,
            305,
            285,
            265,
            243,
            201
        ],
        [
            95,
            159,
            177,
            197,
            218,
            239,
            217,
            238,
            260,
            280,
            299,
            300,
            318,
            336,
            352,
            335,
            317,
            334,
            350,
            365,
            349,
            333,
            315,
            297,
            316,
            298,
            279,
            259,
            216,
            196,
            141,
            108,
            94
        ],
        [
            178,
            281,
            319,
            353,
            368,
            382,
            408,
            420,
            430,
            419,
            407,
            406,
            418,
            429,
            439,
            448,
            456,
            463,
            469,
            474,
            478,
            481,
            483,
            482,
            479,
            475,
            471,
            465,
            470,
            464,
            458,
            457,
            449,
            440,
            431,
            421,
            409,
            396,
            383,
            369,
            337,
            301,
            261
        ],
        [
            156,
            174,
            155,
            173,
            192,
            212,
            191,
            190,
            210,
            211,
            232,
            231,
            253,
            274,
            294,
            313,
            331,
            348,
            364,
            379,
            332,
            296,
            314,
            295,
            275,
            254,
            233,
            255,
            276,
            234,
            256,
            277,
            278,
            257,
            235,
            213,
            193,
            214,
            236,
            215,
            194,
            175
        ],
        [
            226,
            248,
            249,
            271,
            292,
            311,
            291,
            270,
            290,
            269,
            289,
            308,
            327,
            309,
            310,
            328,
            345,
            361,
            391,
            404,
            417,
            405,
            392,
            377,
            362,
            363,
            346,
            329,
            347,
            330,
            312,
            293,
            273,
            272,
            251,
            252,
            230,
            209,
