{
    "problem_name": "Golden_19",
    "dimension": 361,
    "capacity": 200,
    "best_cost": 1611.4353762056662,
    "vehicles_used": 33,
    "total_load": 6480,
    "execution_time_seconds": 15.72852635383606,
    "depot_index": 0,
    "routes": [
        [
            27,
            28,
            33,
            8,
            88,
            147,
            201,
            146,
            87,
            86,
            141,
            81,
            26,
            21
        ],
        [
            4,
            64,
            124,
            184,
            244
        ],
        [
            41,
            9,
            96,
            69,
            221,
            161,
            101,
            100,
            40,
            39,
            90,
            30
        ],
        [
            22,
            3,
            89,
            63,
            149,
            209,
            154,
            95,
            94,
            35,
            34,
            29
        ],
        [
            13,
            73,
            18,
            19,
            78,
            133,
            61,
            174,
            75,
            15,
            114,
            1,
            54
        ],
        [
            14,
            74,
            23,
            24,
            25,
            83,
            134,
            122,
            62,
            2
        ],
        [
            53,
            58,
            59,
            118,
            178,
            238,
            293,
            233,
            173,
            66,
            113,
            6,
            46
        ],
        [
            79,
            138,
            193,
            139,
            80,
            67,
            145,
            144,
            85,
            7,
            20
        ],
        [
            43,
            44,
            49,
            104,
            163,
            222,
            282,
            337,
            277,
            217,
            162,
            103,
            102,
            157,
            97,
            42,
            37
        ],
        [
            55,
            106,
            115,
            166,
            126,
            226,
            286,
            346,
            355,
            295,
            235,
            175,
            116,
            57,
            56
        ],
        [
            121,
            181,
            253,
            198,
            199,
            259,
            200,
            127,
            140
        ],
        [
            31,
            82,
            91,
            142,
            123,
            202,
            183,
            269,
            329,
            274,
            214,
            155,
            36
        ],
        [
            5,
            98,
            158,
            107,
            108,
            168,
            109,
            10,
            48,
            47,
            38
        ],
        [
            45,
            105,
            50,
            51,
            52,
            111,
            170,
            225,
            125,
            165,
            110,
            65
        ],
        [
            16,
            76,
            77,
            137,
            197,
            257,
            317,
            180,
            72,
            120,
            12,
            17
        ],
        [
            117,
            176,
            186,
            246,
            353,
            298,
            239,
            179,
            119,
            60
        ],
        [
            167,
            218,
            185,
            227,
            278,
            245,
            285,
            230,
            231,
            172,
            171,
            112
        ],
        [
            240,
            299,
            300,
            192,
            132,
            196,
            294,
            195,
            136,
            135,
            234
        ],
        [
            70,
            169,
            228,
            229,
            130,
            224,
            223,
            164,
            210,
            159,
            150,
            99
        ],
        [
            270,
            283,
            284,
            343,
            344,
            250,
            289,
            190,
            288,
            287,
            338
        ],
        [
            11,
            71,
            177,
            131,
            232,
            237,
            297,
            296,
            236
        ],
        [
            84,
            143,
            203,
            204,
            263,
            323,
            314,
            254,
            242,
            261,
            182,
            194
        ],
        [
            32,
            92,
            93,
            68,
            148,
            128,
            153,
            152,
            211,
            262,
            151
        ],
        [
            205,
            187,
            260,
            247,
            265,
            264,
            302,
            321,
            266,
            206
        ],
        [
            160,
            219,
            220,
            279,
            330,
            304,
            342,
            280,
            216,
            129,
            156
        ],
        [
            191,
            251,
            357,
            311,
            352,
            292,
            291,
            350,
            345,
            290
        ],
        [
            255,
            256,
            316,
            315,
            354,
            301,
            318,
            319,
            258,
            313,
            241
        ],
        [
            243,
            215,
            275,
            276,
            249,
            340,
            281,
            189
        ],
        [
            207,
            267,
            208,
            188,
            268,
            248,
            273,
            272,
            213,
            212
        ],
        [
            271,
            322,
            333,
            332,
            331,
            303,
            334,
            335,
            336,
            309,
            341,
            339
        ],
        [
            306,
            356,
            351,
            305,
            347,
            348,
            349,
            310
        ],
        [
            358,
            359,
            360,
            312,
            252,
            320,
            307,
            325,
            324
        ],
        [
            326,
            327,
            328,
            308
        ]
    ]
}