{
    "problem_name": "Golden_4",
    "dimension": 481,
    "capacity": 1000,
    "best_cost": 15451.48806783485,
    "vehicles_used": 10,
    "total_load": 9600,
    "execution_time_seconds": 2160.5384514331818,
    "depot_index": 0,
    "routes": [
        [
            3,
            4,
            5,
            6,
            7,
            8,
            9,
            10,
            11,
            12,
            13,
            14,
            15,
            16,
            17,
            18,
            19,
            20,
            21,
            22,
            23,
            24,
            25,
            26,
            27,
            28,
            29,
            71,
            72,
            73,
            74,
            75,
            76,
            77,
            78,
            79,
            80,
            2,
            1,
            40,
            39,
            38,
            37,
            36,
            35,
            34,
            33,
            32,
            31,
            30
        ],
        [
            61,
            62,
            63,
            64,
            65,
            66,
            67,
            68,
            69,
            109,
            108,
            107,
            106,
            105,
            104,
            103,
            102,
            101,
            100,
            99,
            98,
            97,
            96,
            95,
            94,
            93,
            92,
            91,
            90,
            89,
            88,
            87,
            86,
            85,
            84,
            83,
            82,
            81,
            120,
            119,
            118,
            117,
            116,
            115,
            114,
            113,
            112,
            111,
            110,
            70
        ],
        [
            57,
            56,
            55,
            54,
            53,
            52,
            51,
            50,
            128,
            168,
            208,
            129,
            130,
            131,
            132,
            133,
            134,
            135,
            136,
            137,
            138,
            139,
            140,
            141,
            142,
            143,
            144,
            145,
            146,
            147,
            148,
            149,
            150,
            151,
            152,
            153,
            154,
            155,
            156,
            157,
            158,
            159,
            160,
            41,
            42,
            43,
            44,
            45,
            46,
            47,
            48,
            49
        ],
        [
            199,
            198,
            197,
            196,
            195,
            194,
            193,
            192,
            191,
            190,
            189,
            188,
            187,
            186,
            227,
            267,
            268,
            228,
            229,
            269,
            309,
            349,
            389,
            429,
            469,
            468,
            428,
            388,
            348,
            308,
            307,
            347,
            387,
            427,
            467,
            466,
            426,
            386,
            346,
            306,
            266,
            305,
            345,
            385,
            425,
            465,
            464,
            424,
            384,
            344,
            265,
            226,
            225,
            224,
            184,
            185
        ],
        [
            58,
            180,
            179,
            219,
            220,
            221,
            260,
            300,
            340,
            259,
            299,
            339,
            379,
            418,
            459,
            419,
            380,
            420,
            460,
            461,
            421,
            381,
            341,
            301,
            261,
            222,
            262,
            302,
            342,
            382,
            422,
            462,
            463,
            423,
            383,
            343,
            303,
            304,
            264,
            263,
            223,
            183,
            182,
            181,
            60,
            59
        ],
        [
            127,
            206,
            246,
            286,
            326,
            366,
            406,
            446,
            445,
            405,
            365,
            325,
            285,
            245,
            205,
            204,
            203,
            243,
            244,
            284,
            324,
            364,
            404,
            444,
            443,
            403,
            363,
            323,
            283,
            322,
            362,
            402,
            442,
            441,
            401,
            361,
            321,
            281,
            282,
            242,
            202,
            201,
            240,
            200,
            161,
            162,
            163,
            164,
            165,
            126
        ],
        [
            172,
            173,
            174,
            296,
            295,
            335,
            375,
            415,
            455,
            454,
            414,
            374,
            334,
            294,
            254,
            214,
            213,
            212,
            252,
            292,
            332,
            372,
            412,
            452,
            451,
            411,
            371,
            331,
            291,
            251,
            250,
            290,
            330,
            370,
            410,
            450,
            449,
            409,
            369,
            329,
            289,
            249,
            209,
            169,
            170,
            171
        ],
        [
            178,
            218,
            217,
            216,
            177,
            176,
            175,
            215,
            255,
            256,
            297,
            257,
            258,
            298,
            338,
            378,
            458,
            457,
            417,
            377,
            337,
            336,
            376,
            416,
            456,
            453,
            413,
            373,
            333,
            293,
            253,
            211,
            210,
            248,
            288,
            328,
            368,
            408,
            448,
            447,
            407,
            367,
            327,
            287,
            247,
            207,
            167,
            166,
            125,
            124,
            123,
            122,
            241,
            280
        ],
        [
            234,
            233,
            232,
            231,
            230,
            270,
            310,
            350,
            390,
            430,
            470,
            471,
            431,
            391,
            351,
            311,
            272,
            312,
            352,
            392,
            432,
            472,
            473,
            433,
            393,
            353,
            313,
            273,
            274,
            314,
            354,
            394,
            434,
            474,
            475,
            435,
            395,
            355,
            396,
            356,
            278,
            238,
            237,
            277,
            236,
            235
        ],
        [
            121,
