{
    "problem_name": "Golden_3",
    "dimension": 401,
    "capacity": 900,
    "best_cost": 12476.395492413445,
    "vehicles_used": 9,
    "total_load": 8000,
    "execution_time_seconds": 32.2003276348114,
    "depot_index": 0,
    "routes": [
        [
            18,
            19,
            20,
            21,
            22,
            23,
            24,
            25,
            26,
            27,
            28,
            29,
            30,
            31,
            32,
            33,
            34,
            72,
            73,
            74,
            75,
            76,
            77,
            35,
            36,
            37,
            38,
            39,
            40,
            1,
            2,
            3,
            4,
            5,
            6,
            7,
            8,
            9,
            10,
            11,
            12,
            13,
            14,
            15,
            16,
            17
        ],
        [
            78,
            79,
            80,
            41,
            42,
            43,
            44,
            45,
            46,
            47,
            48,
            49,
            50,
            51,
            52,
            53,
            54,
            55,
            56,
            57,
            99,
            100,
            101,
            102,
            103,
            104,
            105,
            106,
            107,
            108,
            71,
            70,
            69,
            68,
            67,
            66,
            65,
            64,
            63,
            62,
            61,
            60,
            59,
            58
        ],
        [
            98,
            97,
            96,
            137,
            136,
            176,
            175,
            215,
            255,
            295,
            254,
            214,
            174,
            134,
            135,
            95,
            94,
            93,
            92,
            91,
            90,
            89,
            88,
            87,
            86,
            85,
            84,
            83,
            82,
            81,
            120,
            119,
            118,
            117,
            116,
            115,
            114,
            113,
            112,
            111,
            110,
            109
        ],
        [
            133,
            132,
            131,
            130,
            129,
            128,
            127,
            126,
            125,
            124,
            123,
            122,
            121,
            160,
            159,
            158,
            157,
            156,
            155,
            154,
            153,
            193,
            192,
            191,
            152,
            151,
            150,
            149,
            148,
            190,
            189,
            188,
            187,
            186,
            185,
            184,
            147,
            146,
            145,
            144,
            143,
            142,
            141,
            140,
            139,
            138
        ],
        [
            183,
            182,
            181,
            180,
            221,
            222,
            223,
            224,
            225,
            226,
            227,
            228,
            229,
            268,
            267,
            266,
            265,
            264,
            263,
            262,
            261,
            260,
            220,
            219,
            259,
            299,
            339,
            379,
            378,
            338,
            298,
            258,
            257,
            297,
            337,
            377,
            376,
            336,
            296,
            256,
            216,
            217,
            218,
            177,
            178,
            179
        ],
        [
            173,
            172,
            171,
            170,
            169,
            168,
            167,
            166,
            165,
            164,
            163,
            162,
            161,
            200,
            201,
            240,
            279,
            280,
            320,
            360,
            400,
            399,
            359,
            319,
            318,
            278,
            277,
            276,
            275,
            274,
            273,
            272,
            232,
            233,
            234,
            235,
            236,
            237,
            238,
            239,
            199,
            198,
            197,
            196,
            195,
            194
        ],
        [
            213,
            253,
            293,
            333,
            373,
            372,
            332,
            292,
            252,
            212,
            211,
            251,
            250,
            210,
            209,
            249,
            289,
            329,
            369,
            368,
            328,
            288,
            248,
            208,
            207,
            247,
            287,
            327,
            367,
            366,
            326,
            286,
            246,
            206,
            245,
            205,
            204,
            244,
            284,
            324,
            364,
            363,
            323,
            283,
            243,
            203,
            242,
            202
        ],
        [
            230,
            270,
            231,
            271,
            311,
            312,
            313,
            353,
            392,
            352,
            351,
            391,
            390,
            350,
            310,
            269,
            309,
            349,
            389,
            388,
            348,
            308,
            307,
            347,
            387,
            386,
            346,
            306,
            305,
            345,
            385,
            384,
            344,
            304,
            303,
            343,
            383,
            382,
            342,
            302,
            301,
            341,
            381,
            380,
            340,
            300
        ],
        [
            294,
            335,
            375,
            374,
            334,
            291,
            331,
            371,
            370,
            330,
            290,
            285,
            325,
            365,
            282,
            322,
            362,
            361,
            321,
            281,
            241,
            398,
            358,
            317,
            357,
            397,
            396,
            356,
            316,
            315,
            355,
            395,
            394,
            393,
            354,
            314
        ]
    ]
}