{
    "problem_name": "Golden_5",
    "dimension": 201,
    "capacity": 900,
    "best_cost": 7590.565465252352,
    "vehicles_used": 5,
    "total_load": 4000,
    "execution_time_seconds": 1884.136549949646,
    "depot_index": 0,
    "routes": [
        [
            14,
            13,
            12,
            11,
            10,
            9,
            8,
            7,
            6,
            5,
            3,
            2,
            1,
            40,
            21,
            22,
            23,
            43,
            24,
            25,
            26,
            27,
            28,
            29,
            30,
            31,
            32,
            33,
            34,
            35,
            56,
            76,
            96,
            57,
            58,
            59,
            60,
            39,
            38,
            37,
            36,
            16,
            17,
            18,
            19,
            20
        ],
        [
            15,
            55,
            75,
            95,
            115,
            135,
            155,
            175,
            195,
            194,
            174,
            154,
            134,
            114,
            94,
            74,
            54,
            53,
            73,
            93,
            113,
            133,
            153,
            173,
            193,
            192,
            172,
            152,
            132,
            112,
            92,
            72,
            91,
            71,
            52,
            51,
            50,
            69,
            49,
            48,
            47,
            46,
            45,
            44
        ],
        [
            41,
            42,
            62,
            82,
            102,
            122,
            142,
            162,
            182,
            181,
            161,
            141,
            121,
            101,
            81,
            61,
            80,
            100,
            120,
            140,
            160,
            180,
            200,
            199,
            179,
            159,
            139,
            119,
            99,
            79,
            78,
            98,
            118,
            138,
            158,
            178,
            198,
            197,
            177,
            157,
            137,
            117,
            136,
            116,
            97,
            77
        ],
        [
            4,
            63,
            83,
            103,
            123,
            143,
            163,
            183,
            184,
            164,
            144,
            124,
            104,
            84,
            64,
            65,
            85,
            105,
            125,
            145,
            165,
            185,
            186,
            166,
            146,
            126,
            106,
            86,
            66,
            67,
            87,
            107,
            127,
            147,
            167,
            187,
            188,
            168,
            148,
            128,
            108,
            129,
            109,
            89,
            88,
            68
        ],
        [
            70,
            90,
            110,
            130,
            150,
            170,
            149,
            169,
            189,
            190,
            191,
            171,
            151,
            131,
            111,
            196,
            176,
            156
        ]
    ]
}