{
    "problem_name": "Golden_20",
    "dimension": 421,
    "capacity": 200,
    "best_cost": 2136.5139849316593,
    "vehicles_used": 38,
    "total_load": 7560,
    "execution_time_seconds": 19.168436288833618,
    "depot_index": 0,
    "routes": [
        [
            14,
            23,
            74,
            62,
            141,
            201,
            146,
            86,
            27,
            26,
            81,
            2,
            21
        ],
        [
            22,
            31,
            32,
            91,
            151,
            202,
            142,
            82,
            63,
            89,
            34,
            3,
            29
        ],
        [
            38,
            47,
            98,
            65,
            165,
            225,
            170,
            110,
            51,
            50,
            105,
            5,
            45
        ],
        [
            46,
            55,
            56,
            115,
            175,
            226,
            166,
            106,
            66,
            113,
            58,
            6,
            53
        ],
        [
            13,
            18,
            19,
            78,
            138,
            193,
            133,
            73,
            61,
            114,
            15,
            1,
            54
        ],
        [
            30,
            39,
            40,
            99,
            159,
            210,
            150,
            90,
            64,
            97,
            42,
            4,
            37
        ],
        [
            24,
            25,
            20,
            79,
            198,
            139,
            80,
            84,
            143,
            194,
            122,
            134,
            83
        ],
        [
            35,
            36,
            41,
            100,
            219,
            160,
            101,
            95,
            154,
            209,
            123,
            149,
            94
        ],
        [
            48,
            107,
            158,
            125,
            218,
            167,
            108,
            49,
            44,
            103,
            162,
            217,
            157,
            102
        ],
        [
            59,
            118,
            173,
            126,
            233,
            178,
            119,
            60,
            17,
            76,
            135,
            234,
            174,
            75
        ],
        [
            16,
            12,
            77,
            136,
            195,
            294,
            241,
            253,
            181
        ],
        [
            43,
            10,
            104,
            163,
            222,
            277,
            244,
            270,
            184
        ],
        [
            28,
            87,
            88,
            8,
            93,
            152,
            211,
            262,
            243,
            274,
            269,
            214
        ],
        [
            33,
            92,
            68,
            148,
            207,
            266,
            321,
            302,
            314,
            263,
            204
        ],
        [
            52,
            111,
            112,
            11,
            117,
            176,
            235,
            286,
            246,
            298,
            293,
            238
        ],
        [
            57,
            116,
            71,
            172,
            231,
            290,
            345,
            305,
            338,
            287,
            228
        ],
        [
            121,
            7,
            85,
            144,
            203,
            254,
            242,
            261,
            206,
            153
        ],
        [
            124,
            279,
            220,
            161,
            69,
            156,
            155,
            96,
            9
        ],
        [
            185,
            171,
            230,
            285,
            245,
            278,
            227,
            168,
            169,
            224,
            164,
            109
        ],
        [
            120,
            179,
            180,
            72,
            137,
            196,
            255,
            354,
            301,
            318,
            313,
            258
        ],
        [
            182,
            374,
            362,
            381,
            326,
            267,
            208,
            128,
            147
        ],
        [
            183,
            271,
            322,
            303,
            329,
            215,
            216,
            281,
            221,
            129
        ],
        [
            186,
            295,
            346,
            306,
            353,
            239,
            240,
            257,
            197,
            132
        ],
        [
            67,
            127,
            205,
            264,
            323,
            324,
            265,
            260,
            200,
            199,
            140
        ],
        [
            70,
            130,
            229,
            288,
            347,
            398,
            365,
            410,
            405,
            350
        ],
        [
            177,
            131,
            237,
            232,
            291,
            292,
            191,
            297,
            356,
            415,
            236
        ],
        [
            145,
            187,
            259,
            373,
            361,
            414,
            315,
            256,
            192
        ],
        [
            212,
            213,
            272,
            331,
            382,
            363,
            389,
            334,
            275,
            276,
            189
        ],
        [
            223,
            283,
            284,
            342,
            397,
            364,
            390,
            339,
            330,
            304,
            337,
            282
        ],
        [
            296,
            355,
            406,
            366,
            413,
            358,
            299,
            300,
            359,
            418,
            419,
            360,
            317
        ],
        [
            280,
            340,
            399,
            400,
            341,
            309,
            396,
            395,
            336,
            249
        ],
        [
            188,
            268,
            327,
            386,
            387,
            328,
            248,
            333,
            392,
            391,
            273
        ],
        [
            190,
            289,
            348,
            407,
            408,
            349,
            250,
            344,
            404,
            403,
            402
        ],
        [
            335,
            394,
            332,
            308,
            393,
            368,
            388,
            383,
            384,
            325,
            320
        ],
        [
            351,
            352,
            311,
            412,
            371,
            417,
            416,
            357,
            251
        ],
        [
            252,
            312,
            420,
            372,
            377,
            376,
            316,
            375,
            378
        ],
        [
            247,
            307,
            385,
            367,
            380,
            379,
            319,
            411
        ],
        [
            343,
            310,
            409,
            370,
