{
    "problem_name": "Golden_6",
    "dimension": 281,
    "capacity": 900,
    "best_cost": 9588.918721000482,
    "vehicles_used": 7,
    "total_load": 5600,
    "execution_time_seconds": 2281.094435930252,
    "depot_index": 0,
    "routes": [
        [
            23,
            24,
            25,
            26,
            27,
            28,
            1,
            2,
            3,
            4,
            5,
            6,
            7,
            36,
            35,
            34,
            33,
            61,
            60,
            32,
            31,
            30,
            29,
            56,
            55,
            54,
            53,
            52,
            51,
            50,
            49,
            22,
            21,
            20,
            19,
            18,
            17,
            16,
            15,
            14,
            13,
            12,
            11,
            10,
            9,
            8
        ],
        [
            83,
            82,
            81,
            80,
            79,
            78,
            77,
            76,
            75,
            74,
            73,
            72,
            100,
            128,
            156,
            184,
            212,
            211,
            183,
            155,
            127,
            99,
            71,
            70,
            69,
            68,
            67,
            66,
            65,
            64,
            63,
            62,
            37,
            38,
            39,
            40,
            41,
            42,
            43,
            44,
            45,
            46,
            47,
            48
        ],
        [
            101,
            102,
            103,
            131,
            159,
            187,
            215,
            243,
            271,
            272,
            244,
            216,
            188,
            160,
            132,
            104,
            105,
            106,
            107,
            135,
            163,
            191,
            219,
            247,
            275,
            276,
            248,
            220,
            192,
            164,
            136,
            108,
            109,
            110,
            138,
            139,
            111,
            112,
            85,
            86,
            59,
            58,
            57,
            84
        ],
        [
            87,
            115,
            143,
            171,
            199,
            227,
            255,
            256,
            228,
            200,
            172,
            144,
            116,
            88,
            89,
            117,
            145,
            173,
            201,
            229,
            257,
            258,
            230,
            202,
            174,
            146,
            118,
            90,
            91,
            92,
            93,
            94,
            122,
            123,
            95,
            96,
            124,
            152,
            180,
            208,
            236,
            264,
            265,
            237,
            209,
            181,
            153,
            125,
            97,
            98
        ],
        [
            114,
            142,
            170,
            198,
            226,
            254,
            253,
            225,
            197,
            169,
            141,
            113,
            140,
            168,
            196,
            224,
            252,
            280,
            279,
            251,
            223,
            195,
            167,
            166,
            194,
            222,
            250,
            278,
            277,
            249,
            221,
            193,
            165,
            137,
            134,
            162,
            190,
            218,
            246,
            274,
            273,
            245,
            217,
            189,
            161,
            133
        ],
        [
            119,
            147,
            175,
            203,
            231,
            259,
            260,
            232,
            204,
            176,
            148,
            120,
            121,
            149,
            177,
            205,
            233,
            261,
            262,
            234,
            206,
            178,
            150,
            151,
            179,
            207,
            235,
            263,
            266,
            267,
            239,
            238,
            210,
            182,
            154,
            126,
            185,
            157,
            129,
            130
        ],
        [
            213,
            240,
            268,
            241,
            269,
            270,
            242,
            214,
            186,
            158
        ]
    ]
}