{
    "problem_name": "Golden_10",
    "dimension": 324,
    "capacity": 1000,
    "best_cost": 888.6616793021905,
    "vehicles_used": 16,
    "total_load": 15195,
    "execution_time_seconds": 186.05547714233398,
    "depot_index": 0,
    "routes": [
        [
            18,
            41,
            73,
            99,
            146,
            181,
            198,
            242,
            214,
            164,
            114,
            86,
            51,
            25,
            8
        ],
        [
            4,
            17,
            39,
            7,
            1
        ],
        [
            29,
            37,
            46,
            56,
            67,
            79,
            92,
            106,
            28,
            21,
            15,
            10,
            6,
            3
        ],
        [
            12,
            24,
            32,
            62,
            40,
            31,
            23,
            16,
            11
        ],
        [
            49,
            71,
            97,
            111,
            143,
            178,
            210,
            238,
            262,
            282,
            298,
            273,
            251,
            225,
            195,
            161,
            127,
            112,
            84,
            60
        ],
        [
            2,
            5,
            9,
            13,
            19,
            30,
            22
        ],
        [
            14,
            20,
            27,
            35,
            44,
            54,
            64,
            63,
            53,
            43,
            52,
            42,
            34,
            26,
            33
        ],
        [
            144,
            179,
            211,
            239,
            263,
            283,
            299,
            311,
            315,
            319,
            316,
            306,
            292,
            274,
            264,
            252,
            226,
            196,
            162,
            128,
            98,
            72,
            50
        ],
        [
            48,
            70,
            82,
            110,
            142,
            177,
            193,
            209,
            223,
            237,
            249,
            271,
            280,
            289,
            303,
            297,
            281,
            261,
            250,
            224,
            194,
            160,
            126,
            96,
            83
        ],
        [
            61,
            74,
            100,
            115,
            131,
            147,
            182,
            199,
            165,
            183,
            215,
            200,
            216,
            231,
            232,
            217,
            201,
            184,
            167,
            149,
            166,
            148,
            132,
            116,
            101,
            87,
            75
        ],
        [
            85,
            113,
            88,
            76,
            89,
            102,
            117,
            103,
            118,
            133,
            150,
            134,
            151,
            168,
            185,
            202,
            218,
            203,
            186,
            169,
            187,
            170,
            152,
            135,
            119,
            104,
            90,
            77,
            65
        ],
        [
            38,
            58,
            69,
            81,
            95,
            109,
            125,
            159,
            176,
            208,
            236,
            272,
            290,
            304,
            314,
            310,
            305,
            291,
            240,
            212,
            197,
            180,
            163,
            145,
            129
        ],
        [
            213,
            227,
            228,
            241,
            253,
            275,
            265,
            254,
            255,
            266,
            276,
            285,
            293,
            301,
            307,
            313,
            308,
            294,
            302,
            295,
            286,
            277,
            287,
            278,
            267,
            256,
            268,
            257,
            245,
            244,
            230,
            243,
            229,
            130
        ],
        [
            57,
            68,
            80,
            93,
            107,
            123,
            108,
            124,
            140,
            157,
            175,
            191,
            174,
            156,
            173,
            190,
            205,
            219,
            220,
            206,
            221,
            207,
            222,
            192,
            158,
            141,
            94,
            47
        ],
        [
            36,
            45,
            55,
            66,
            78,
            91,
            105,
            120,
            136,
            153,
            171,
            188,
            154,
            137,
            172,
            204,
            233,
            246,
            258,
            269,
            279,
            270,
            259,
            248,
            235,
            247,
            234,
            189,
            155,
            138,
            121,
            122,
            139
        ],
        [
            59,
            260,
            288,
            296,
            309,
            318,
            321,
            323,
            322,
            320,
            317,
            312,
            300,
            284
        ]
    ]
}