{
    "problem_name": "Golden_16",
    "dimension": 481,
    "capacity": 1000,
    "best_cost": 1953.6563765057153,
    "vehicles_used": 37,
    "total_load": 35772,
    "execution_time_seconds": 1847.0223143100739,
    "depot_index": 0,
    "routes": [
        [
            3,
            17,
            39,
            69,
            107,
            153,
            207,
            269
        ],
        [
            4,
            18,
            40,
            70,
            108,
            154,
            208,
            270
        ],
        [
            12,
            32,
            60,
            96,
            140,
            192,
            252,
            320
        ],
        [
            6,
            22,
            46,
            78,
            118,
            166,
            222,
            286
        ],
        [
            9,
            27,
            53,
            87,
            129,
            179,
            237,
            303
        ],
        [
            10,
            28,
            29,
            30,
            58
        ],
        [
            1,
            13,
            33,
            61,
            97,
            141,
            193,
            253
        ],
        [
            14,
            34,
            62,
            98,
            142,
            194,
            254,
            322,
            321,
            396,
            395,
            477,
            394,
            318
        ],
        [
            57,
            136,
            135,
            185,
            186,
            246,
            314,
            247,
            187,
            188,
            189,
            137,
            93
        ],
        [
            26,
            25,
            49,
            81,
            121,
            169,
            225,
            289,
            361,
            441,
            440
        ],
        [
            5,
            21,
            45,
            77,
            117,
            165,
            221,
            285
        ],
        [
            2,
            16,
            38,
            68,
            106,
            152,
            206,
            268
        ],
        [
            7,
            23,
            47,
            79,
            119,
            167,
            223,
            287
        ],
        [
            8,
            24,
            48,
            80,
            120,
            168,
            224,
            288
        ],
        [
            11,
            31,
            59,
            95,
            139,
            191,
            251,
            319
        ],
        [
            35,
            63,
            99,
            143,
            195,
            255,
            323,
            399,
            398,
            397,
            480,
            479,
            478,
            393,
            392,
            316,
            317
        ],
        [
            52,
            86,
            128,
            178,
            236,
            302,
            376,
            375,
            374,
            456,
            455,
            454,
            453,
            452,
            451,
            450,
            449
        ],
        [
            20,
            44,
            76,
            283,
            282,
            354,
            434,
            435,
            355,
            356,
            284,
            220,
            164,
            116
        ],
        [
            37,
            150,
            204,
            333,
            332,
            410,
            411,
            334,
            335,
            336,
            266,
            267,
            205,
            151,
            105,
            67
        ],
        [
            19,
            275,
            346,
            345,
            274,
            273,
            272,
            271,
            209,
            155,
            109,
            71,
            41
        ],
        [
            42,
            111,
            112,
            159,
            213,
            214,
            215,
            280,
            216,
            113,
            73,
            43
        ],
        [
            55,
            89,
            131,
            181,
            239,
            305,
            379,
            378,
            460,
            459,
            458,
            457,
            373,
            372,
            371,
            370,
            296
        ],
        [
            51,
            85,
            127,
            126,
            125,
            124,
            173,
            231,
            297,
            230,
            293,
            229,
            172
        ],
        [
            56,
            91,
            92,
            134,
            184,
            183,
            241,
            307,
            381,
            380,
            306,
            240,
            90
        ],
        [
            74,
            161,
            160,
            347,
            425,
            426,
            427,
            428,
            429,
            430,
            350,
            351,
            352,
            279,
            217,
            218,
            162,
            114
        ],
        [
            132,
            182,
            242,
            309,
            310,
            311,
            467,
            468,
            469,
            470,
            471,
            387,
            386,
            312,
            313,
            245,
            243,
            133
        ],
        [
            66,
            103,
            102,
            148,
            202,
            201,
            200,
            260,
            261,
            262,
            263,
            264,
            265,
            203,
            104
        ],
        [
            65,
            101,
            259,
            327,
            403,
            402,
            326,
            325,
            401,
            400,
            324,
            256,
            257,
            197,
            196,
            144,
            100
        ],
        [
            75,
            115,
            163,
            219,
            281,
            433,
            432,
            431,
            349,
            348,
            278,
            277,
            276,
            424,
            423,
            422,
            421,
            420,
            419
        ],
        [
            72,
            110,
            156,
            210,
            211,
            157,
            158,
            212,
            344,
            343,
            342,
            341,
            340,
            339,
            417,
            416,
            415
        ],
        [
            54,
            88,
            130,
            180,
            238,
            304,
            377,
            461,
            462,
            463,
            464,
            465,
            466,
            384,
            383,
            382,
            308
        ],
        [
            15,
            36,
            149,
            147,
            409,
            408,
            331,
            199,
            258,
            198,
            146,
            145,
            64
        ],
        [
            177,
            235,
            301,
            300,
            299,
            298,
            232,
            233,
            234,
            176,
            175,
            174,
            171,
            83,
            84
        ],
        [
            94,
            138,
            190,
            250,
            249,
            248,
            315,
            391,
            476,
            475,
