{
    "problem_name": "Golden_11",
    "dimension": 400,
    "capacity": 1000,
    "best_cost": 1098.531336910737,
    "vehicles_used": 18,
    "total_load": 16980,
    "execution_time_seconds": 22.99303936958313,
    "depot_index": 0,
    "routes": [
        [
            4,
            12,
            24,
            33,
            18,
            8
        ],
        [
            13,
            19,
            26,
            34,
            9,
            5,
            2
        ],
        [
            14,
            20,
            27,
            35,
            54,
            43,
            25,
            7,
            1
        ],
        [
            3,
            11,
            17,
            50,
            61,
            73,
            115,
            62,
            51,
            41,
            32
        ],
        [
            42,
            52,
            63,
            53,
            64,
            76,
            89,
            103,
            118,
            134,
            151,
            169,
            188,
            208,
            227,
            246,
            228,
            209,
            189,
            170,
            152,
            135,
            119,
            104,
            90,
            77,
            65,
            44
        ],
        [
            31,
            49,
            71,
            97,
            127,
            161,
            199,
            237,
            219,
            200,
            180,
            144,
            112,
            84,
            60,
            40
        ],
        [
            83,
            111,
            143,
            179,
            218,
            254,
            300,
            326,
            338,
            348,
            366,
            373,
            357,
            337,
            313,
            285,
            270,
            236,
            198,
            160,
            126,
            59,
            39,
            23
        ],
        [
            72,
            98,
            128,
            162,
            255,
            271,
            287,
            301,
            315,
            328,
            316,
            302,
            272,
            256,
            238,
            220,
            201,
            181,
            163,
            145,
            129,
            113,
            85
        ],
        [
            16,
            47,
            57,
            68,
            108,
            123,
            139,
            156,
            213,
            231,
            248,
            264,
            212,
            193,
            174,
            122,
            107,
            93,
            80,
            46,
            37,
            29,
            22
        ],
        [
            6,
            10,
            15,
            38,
            81,
            94,
            194,
            175,
            157,
            140,
            124,
            109,
            95,
            69,
            58,
            48,
            30
        ],
        [
            70,
            82,
            96,
            110,
            125,
            142,
            159,
            178,
            197,
            217,
            235,
            253,
            286,
            314,
            358,
            374,
            367,
            359,
            349,
            339,
            327,
            288,
            273,
            257,
            239,
            182,
            99
        ],
        [
            21,
            28,
            36,
            45,
            55,
            66,
            78,
            91,
            105,
            120,
            136,
            153,
            171,
            190,
            210,
            229,
            211,
            191,
            172,
            192,
            173,
            154,
            137,
            121,
            106,
            92,
            79,
            67,
            56
        ],
        [
            158,
            176,
            195,
            214,
            232,
            249,
            265,
            280,
            295,
            309,
            322,
            310,
            296,
            281,
            266,
            282,
            297,
            311,
            298,
            283,
            267,
            250,
            233,
            215,
            234,
            251,
            268,
            284,
            299,
            269,
            252,
            216,
            196,
            177,
            141
        ],
        [
            325,
            336,
            347,
            356,
            365,
            380,
            386,
            381,
            387,
            391,
            395,
            392,
            388,
            382,
            383,
            377,
            369,
            361,
            370,
            378,
            384,
            389,
            393,
            396,
            398,
            399,
            397,
            394,
            390,
            385,
            379,
            372,
            364,
            346,
            335,
            355,
            345,
            334,
            323,
            324,
            312
        ],
        [
            74,
            87,
            101,
            131,
            147,
            165,
            203,
            222,
            258,
            290,
            304,
            317,
            329,
            340,
            303,
            289,
            274,
            240,
            221,
            202,
            183,
            164,
            146,
            130,
            114,
            100,
            86
        ],
        [
            75,
            88,
            102,
            132,
            166,
            185,
            242,
            259,
            276,
            292,
            277,
            260,
            243,
            261,
            244,
            262,
            278,
            294,
            308,
            293,
            307,
            321,
            333,
            344,
            320,
            306,
            291,
            275,
            241,
            223,
            204,
            184,
            148,
            116
        ],
        [
            318,
            330,
            341,
            351,
            350,
            368,
            376,
            360,
            352,
            362,
            371,
            363,
            354,
            332,
            343,
            353,
            342,
            331,
            319,
            305,
            224,
            225,
            226,
            245,
            279,
            263,
            207,
            206,
            205,
            186,
            187,
            168,
            150,
            167,
            149,
            133,
            117
        ],
        [
            138,
            155,
            230,
            247,
            375
        ]
    ]
}