{
    "problem_name": "Golden_4",
    "dimension": 481,
    "capacity": 1000,
    "best_cost": 30878.16225108617,
    "vehicles_used": 10,
    "total_load": 9600,
    "execution_time_seconds": 3950.08473443985,
    "depot_index": 0,
    "routes": [
        [
            37,
            67,
            106,
            108,
            149,
            190,
            185,
            226,
            227,
            269,
            430,
            431,
            472,
            433,
            273,
            231,
            232,
            234,
            314,
            435,
            476,
            358,
            161,
            402,
            442,
            366,
            207,
            289,
            368,
            369,
            409,
            448,
            449,
            410,
            450,
            451,
            452,
            412,
            413,
            415,
            296,
            215,
            176,
            98,
            139,
            181,
            141,
            142,
            61,
            55
        ],
        [
            9,
            11,
            92,
            134,
            173,
            254,
            253,
            372,
            411,
            371,
            291,
            170,
            287,
            367,
            447,
            286,
            243,
            282,
            203,
            164,
            162,
            117,
            79,
            1,
            36,
            35,
            73,
            115,
            114,
            111,
            151,
            272,
            353,
            471,
            470,
            469,
            309,
            308,
            267,
            187,
            147,
            224,
            262,
            184,
            105,
            65
        ],
        [
            2,
            123,
            47,
            12,
            16,
            54,
            50,
            88,
            171,
            172,
            174,
            96,
            97,
            99,
            138,
            179,
            261,
            382,
            380,
            297,
            335,
            373,
            292,
            251,
            208,
            406,
            245,
            281,
            400,
            477,
            351,
            391,
            390,
            348,
            347,
            306,
            225,
            230,
            193,
            152,
            153,
            116,
            71,
            70,
            69,
            104,
            62,
            64,
            30,
            31
        ],
        [
            48,
            49,
            51,
            53,
            93,
            133,
            91,
            89,
            168,
            206,
            205,
            327,
            407,
            408,
            370,
            290,
            250,
            331,
            333,
            255,
            339,
            420,
            381,
            342,
            301,
            221,
            220,
            180,
            102,
            23,
            34,
            74,
            68,
            110,
            112,
            150,
            191,
            268,
            271,
            311,
            312,
            393,
            274,
            235,
            154,
            158,
            43,
            44
        ],
        [
            21,
            20,
            59,
            100,
            140,
            303,
            305,
            346,
            424,
            461,
            460,
            459,
            379,
            377,
            456,
            376,
            375,
            374,
            293,
            213,
            175,
            130,
            169,
            209,
            249,
            330,
            329,
            288,
            248,
            247,
            365,
            405,
            363,
            361,
            319,
            315,
            475,
            474,
            394,
            389,
            349,
            189,
            109,
            28,
            32,
            192,
            233,
            195,
            196,
            159,
            200,
            81,
            122,
            125,
            86,
            39
        ],
        [
            22,
            24,
            29,
            38,
            75,
            119,
            160,
            202,
            324,
            404,
            362,
            322,
            280,
            240,
            238,
            278,
            318,
            478,
            354,
            313,
            352,
            432,
            429,
            428,
            307,
            266,
            265,
            264,
            223,
            222,
            299,
            258,
            298,
            338,
            418,
            457,
            417,
            336,
            256,
            257,
            137,
            58,
            57,
            56,
            13,
            127,
            126,
            85,
            5,
            3
        ],
        [
            41,
            80,
            118,
            120,
            121,
            283,
            323,
            401,
            441,
            480,
            440,
            237,
            236,
            276,
            275,
            396,
            395,
            473,
            392,
            350,
            310,
            270,
            229,
            186,
            263,
            182,
            260,
            300,
            341,
            340,
            458,
            294,
            252,
            212,
            211,
            132,
            90,
            87,
            124,
            4,
            7,
            8,
            52,
            14,
            17,
            19,
            25,
            63,
            103,
            107,
            66,
            26
        ],
        [
            18,
            27,
            188,
            145,
            144,
            183,
            304,
            465,
            384,
            383,
            421,
            419,
            378,
            337,
            219,
            218,
            216,
            135,
            94,
            210,
            129,
            128,
            167,
            328,
            326,
            446,
            445,
            444,
            364,
            325,
            285,
            244,
            246,
            165,
            163,
            201,
            241,
            320,
            359,
            398,
            355,
            277,
            239,
            197,
            156,
            155,
            76,
            42,
            83,
            84,
            45,
            40,
            33
        ],
        [
            10,
            131,
            332,
            453,
            454,
            455,
            416,
            414,
            334,
            295,
            214,
            136,
            101,
            143,
            146,
            344,
            423,
            385,
            425,
            426,
            466,
            467,
            427,
            387,
            388,
            228,
            148,
            113,
            72,
            77,
            194,
            434,
            356,
            316,
            317,
            357,
            397,
            436,
            437,
            438,
            479,
            399,
            284,
            204,
            166,
            82,
