{
    "problem_name": "Golden_10",
    "dimension": 324,
    "capacity": 1000,
    "best_cost": 889.4578410206024,
    "vehicles_used": 16,
    "total_load": 15195,
    "execution_time_seconds": 16.40621042251587,
    "depot_index": 0,
    "routes": [
        [
            2,
            9,
            20,
            27,
            35,
            44,
            54,
            65,
            77,
            90,
            104,
            119,
            135,
            89
        ],
        [
            4,
            7,
            11,
            22,
            1
        ],
        [
            3,
            6,
            10,
            16,
            17,
            12,
            8
        ],
        [
            24,
            40,
            60,
            84,
            112,
            144,
            179,
            211,
            239,
            263,
            252,
            162,
            128,
            98,
            72,
            50
        ],
        [
            13,
            19,
            42,
            52,
            63,
            87,
            101,
            131,
            115,
            74,
            62,
            33,
            25,
            18
        ],
        [
            31,
            49,
            71,
            97,
            127,
            143,
            178,
            210,
            224,
            194,
            177,
            160,
            142,
            126,
            111,
            83,
            59,
            39
        ],
        [
            32,
            41,
            61,
            85,
            99,
            129,
            146,
            114,
            100,
            86,
            73,
            51,
            26,
            5
        ],
        [
            23,
            29,
            37,
            46,
            56,
            67,
            79,
            92,
            106,
            121,
            105,
            91,
            78,
            66,
            55,
            45,
            36,
            28,
            21,
            15
        ],
        [
            34,
            43,
            75,
            88,
            102,
            116,
            132,
            117,
            133,
            149,
            184,
            167,
            150,
            168,
            186,
            169,
            151,
            134,
            118,
            103,
            76,
            64,
            53,
            14
        ],
        [
            30,
            38,
            58,
            82,
            95,
            141,
            193,
            223,
            249,
            260,
            280,
            296,
            289,
            271,
            261,
            237,
            209,
            159,
            125,
            110,
            96,
            70,
            48
        ],
        [
            113,
            130,
            164,
            147,
            165,
            199,
            215,
            200,
            216,
            230,
            243,
            244,
            256,
            255,
            267,
            277,
            286,
            287,
            278,
            268,
            257,
            245,
            231,
            201,
            217,
            232,
            218,
            203,
            202,
            185,
            166,
            183,
            148
        ],
        [
            47,
            57,
            68,
            80,
            93,
            107,
            123,
            139,
            156,
            173,
            190,
            174,
            157,
            175,
            191,
            207,
            192,
            176,
            158,
            140,
            124,
            108,
            94,
            109,
            81,
            69
        ],
        [
            145,
            163,
            181,
            182,
            198,
            213,
            197,
            180,
            196,
            212,
            227,
            241,
            254,
            265,
            253,
            240,
            226,
            251,
            262,
            273,
            282,
            272,
            250,
            238,
            225,
            195,
            161
        ],
        [
            122,
            138,
            155,
            189,
            205,
            206,
            221,
            220,
            234,
            247,
            235,
            222,
            208,
            236,
            248,
            259,
            270,
            281,
            290,
            297,
            288,
            279,
            269,
            258,
            246,
            233,
            219,
            204,
            188,
            171,
            172,
            154,
            153,
            136,
            120,
            137
        ],
        [
            214,
            229,
            228,
            242,
            266,
            276,
            294,
            301,
            285,
            293,
            300,
            284,
            292,
            299,
            306,
            312,
            317,
            320,
            316,
            311,
            305,
            315,
            318,
            314,
            309,
            303,
            304,
            310,
            298,
            291,
            283,
            274,
            275,
            264
        ],
        [
            152,
            170,
            187,
            295,
            302,
            308,
            313,
            307,
            322,
            323,
            321,
            319
        ]
    ]
}