{
    "problem_name": "Golden_1",
    "dimension": 241,
    "capacity": 550,
    "best_cost": 10010.512258267807,
    "vehicles_used": 9,
    "total_load": 4800,
    "execution_time_seconds": 547.8993978500366,
    "depot_index": 0,
    "routes": [
        [
            103,
            143,
            184,
            224,
            225,
            186,
            146,
            147,
            187,
            228,
            230,
            154,
            114,
            78,
            122,
            161,
            162,
            203,
            123,
            124,
            3,
            10
        ],
        [
            19,
            17,
            48,
            209,
            210,
            139,
            179,
            221,
            222,
            183,
            141,
            101,
            62,
            65,
            66,
            70,
            110,
            112,
            157,
            198,
            238,
            199,
            73,
            34,
            35
        ],
        [
            51,
            53,
            54,
            18,
            26,
            27,
            67,
            113,
            115,
            195,
            235,
            237,
            239,
            240,
            200,
            201,
            163,
            164,
            82,
            83,
            46,
            4,
            40,
            39,
            36
        ],
        [
            20,
            57,
            178,
            136,
            94,
            133,
            170,
            128,
            126,
            84,
            125,
            166,
            167,
            208,
            207,
            206,
            205,
            204,
            202,
            121,
            159,
            197,
            156,
            116,
            76,
            71,
            108,
            148,
            106,
            69
        ],
        [
            6,
            131,
            172,
            211,
            212,
            213,
            214,
            216,
            176,
            55,
            58,
            61,
            23,
            72,
            111,
            149,
            150,
            194,
            155,
            196,
            158,
            119,
            81,
            80,
            41,
            43,
            1
        ],
        [
            38,
            118,
            160,
            79,
            7,
            8,
            9,
            49,
            90,
            93,
            134,
            138,
            99,
            140,
            180,
            181,
            182,
            223,
            102,
            104,
            105,
            107,
            109,
            68,
            64,
            63,
            24,
            21
        ],
        [
            28,
            25,
            22,
            60,
            59,
            100,
            185,
            229,
            191,
            151,
            153,
            193,
            234,
            236,
            117,
            120,
            42,
            45,
            47,
            86,
            88,
            171,
            173,
            215,
            217,
            135,
            96,
            56,
            14,
            13,
            12
        ],
        [
            37,
            33,
            32,
            31,
            30,
            29,
            190,
            231,
            232,
            233,
            192,
            152,
            75,
            77,
            2,
            5,
            87,
            85,
            165,
            168,
            169,
            129,
            130,
            132,
            174,
            175,
            97,
            98,
            16,
            15
        ],
        [
            74,
            189,
            188,
            227,
            226,
            145,
            144,
            142,
            220,
            219,
            218,
            177,
            137,
            95,
            92,
            91,
            52,
            50,
            89,
            127,
            44,
            11
        ]
    ]
}