{
    "problem_name": "Golden_7",
    "dimension": 361,
    "capacity": 900,
    "best_cost": 11358.389633493764,
    "vehicles_used": 8,
    "total_load": 7200,
    "execution_time_seconds": 30.1922607421875,
    "depot_index": 0,
    "routes": [
        [
            2,
            1,
            36,
            35,
            34,
            33,
            67,
            68,
            69,
            70,
            71,
            72,
            37,
            38,
            40,
            41,
            3,
            4,
            5,
            6,
            7,
            8,
            9,
            10,
            11,
            12,
            13,
            14,
            15,
            16,
            17,
            18,
            19,
            20,
            21,
            22,
            23,
            24,
            25,
            26,
            27,
            28,
            29,
            30,
            31,
            32
        ],
        [
            66,
            65,
            64,
            63,
            62,
            61,
            60,
            59,
            58,
            57,
            56,
            55,
            54,
            88,
            87,
            86,
            85,
            84,
            83,
            82,
            81,
            80,
            79,
            78,
            77,
            76,
            75,
            74,
            73,
            108,
            107,
            39,
            42,
            43,
            44,
            45,
            46,
            47,
            48,
            49,
            50,
            51,
            52,
            53
        ],
        [
            95,
            94,
            93,
            92,
            91,
            90,
            89,
            119,
            120,
            121,
            122,
            123,
            124,
            125,
            126,
            127,
            162,
            163,
            199,
            235,
            271,
            307,
            344,
            308,
            272,
            236,
            200,
            164,
            165,
            128,
            129,
            130,
            131,
            132,
            133,
            96,
            97,
            98,
            99,
            100,
            101,
            102,
            103,
            104,
            105,
            106
        ],
        [
            161,
            160,
            159,
            158,
            157,
            156,
            155,
            192,
            228,
            227,
            191,
            190,
            226,
            262,
            298,
            334,
            333,
            297,
            261,
            225,
            189,
            188,
            152,
            153,
            154,
            118,
            117,
            116,
            115,
            114,
            113,
            112,
            111,
            110,
            109,
            144,
            143,
            142,
            141,
            140,
            139,
            138,
            137,
            136,
            135,
            134
        ],
        [
            166,
            167,
            168,
            169,
            170,
            171,
            172,
            173,
            208,
            209,
            210,
            246,
            283,
            247,
            211,
            174,
            175,
            176,
            177,
            178,
            179,
            180,
            145,
            146,
            147,
            148,
            149,
            185,
            221,
            222,
            223,
            259,
            295,
            331,
            332,
            296,
            260,
            224,
            187,
            186,
            150,
            151
        ],
        [
            207,
            206,
            205,
            204,
            203,
            202,
            201,
            343,
            342,
            306,
            270,
            234,
            198,
            197,
            233,
            269,
            305,
            341,
            340,
            304,
            268,
            232,
            196,
            195,
            231,
            267,
            303,
            339,
            338,
            302,
            266,
            230,
            194,
            265,
            301,
            337,
            300,
            336,
            335,
            299,
            263,
            264,
            229,
            193
        ],
        [
            214,
            213,
            212,
            248,
            284,
            355,
            319,
            282,
            318,
            354,
            353,
            317,
            281,
            245,
            244,
            280,
            316,
            352,
            351,
            315,
            279,
            243,
            242,
            278,
            314,
            350,
            349,
            313,
            277,
            241,
            240,
            276,
            312,
            348,
            347,
            311,
            275,
            239,
            238,
            274,
            310,
            346,
            345,
            309,
            273,
            237
        ],
        [
            215,
            250,
            249,
            285,
            320,
            356,
            321,
            357,
            358,
            322,
            286,
            251,
            287,
            323,
            359,
            360,
            324,
            288,
            252,
            216,
            181,
            217,
            253,
            289,
            325,
            326,
            290,
            254,
            218,
            182,
            183,
            219,
            255,
            291,
            327,
            328,
            292,
            256,
            293,
            329,
            330,
            294,
            258,
            257,
            220,
            184
        ]
    ]
}