{
    "problem_name": "Golden_9",
    "dimension": 256,
    "capacity": 1000,
    "best_cost": 708.0065811781158,
    "vehicles_used": 14,
    "total_load": 13429,
    "execution_time_seconds": 506.44460272789,
    "depot_index": 0,
    "routes": [
        [
            2,
            5,
            9,
            34,
            26,
            19,
            13
        ],
        [
            1,
            3,
            6,
            10,
            15,
            21,
            28,
            37
        ],
        [
            4,
            8,
            25,
            33,
            42,
            52,
            63,
            76,
            53,
            43
        ],
        [
            7,
            23,
            39,
            59,
            48,
            58,
            47,
            38,
            30,
            16,
            11
        ],
        [
            12,
            41,
            51,
            61,
            73,
            86,
            85,
            72,
            32,
            24,
            17
        ],
        [
            18,
            50,
            60,
            84,
            143,
            157,
            127,
            111,
            97,
            71,
            49,
            40,
            31
        ],
        [
            22,
            29,
            46,
            56,
            67,
            55,
            66,
            78,
            91,
            105,
            120,
            136,
            121,
            106,
            92,
            107,
            123,
            139,
            154,
            168,
            181,
            193,
            204,
            182,
            170
        ],
        [
            70,
            83,
            96,
            82,
            95,
            110,
            126,
            141,
            155,
            180,
            167,
            140,
            125,
            109,
            124,
            108,
            94,
            80,
            68,
            57,
            81,
            69
        ],
        [
            54,
            65,
            77,
            89,
            103,
            117,
            102,
            88,
            75,
            87,
            101,
            115,
            160,
            174,
            186,
            197,
            196,
            185,
            173,
            159,
            144,
            129,
            114,
            100
        ],
        [
            14,
            20,
            27,
            35,
            44,
            99,
            113,
            128,
            158,
            172,
            184,
            195,
            206,
            215,
            230,
            236,
            205,
            194,
            183,
            171
        ],
        [
            64,
            90,
            104,
            119,
            135,
            150,
            164,
            149,
            134,
            118,
            133,
            148,
            162,
            147,
            132,
            116,
            131,
            161,
            175,
            187,
            199,
            209,
            218,
            226,
            208,
            198,
            146,
            145,
            130
        ],
        [
            36,
            45,
            79,
            93,
            122,
            137,
            151,
            165,
            152,
            138,
            153,
            166,
            178,
            190,
            179,
            191,
            201,
            211,
            220,
            228,
            235,
            241,
            246,
            250,
            253,
            255,
            254,
            251,
            248,
            243,
            237
        ],
        [
            62,
            74,
            207,
            216,
            224,
            225,
            232,
            239,
            249,
            252,
            244,
            238,
            231,
            223,
            214,
            222,
            229,
            221,
            213,
            203,
            192,
            169,
            156,
            142,
            112,
            98
        ],
        [
            163,
            177,
            176,
            188,
            189,
            200,
            210,
            219,
            227,
            234,
            217,
            233,
            240,
            245,
            247,
            242,
            212,
            202
        ]
    ]
}